Scopus	76ad9afdb17c11eb9d5044af2806d069	three dimensional epanechnikov mixture regression in image coding	SCOPUS_ID:85103963432	10.1016/j.sigpro.2021.108090	None	Article	0	2021-08-01	Signal Processing	None	[]	[]
Scopus	776ee045b17c11eb991744af2806d069	accelerated degradation tests with inspection effects	SCOPUS_ID:85097658798	10.1016/j.ejor.2020.11.041	None	Article	0	2021-08-01	European Journal of Operational Research	None	[]	[]
Scopus	77fd527bb17c11eb8d7f44af2806d069	learning linear modules in a dynamic network using regularized kernel based methods	SCOPUS_ID:85103980741	10.1016/j.automatica.2021.109591	None	Article	0	2021-07-01	Automatica	None	[]	[]
Scopus	799fe659b17c11eba5d044af2806d069	vertical distribution of antibiotic resistance genes in an urban green facade	SCOPUS_ID:85102275125	10.1016/j.envint.2021.106502	None	Article	0	2021-07-01	Environment International	None	[]	[]
Scopus	7b2012e8b17c11ebb46a44af2806d069	image compression based on gaussian mixture model constrained using markov random field	SCOPUS_ID:85100301281	10.1016/j.sigpro.2021.107990	None	Article	0	2021-06-01	Signal Processing	None	[]	[]
Scopus	7c23051db17c11eb826a44af2806d069	performance evaluation results of evolutionary clustering algorithm star for clustering heterogeneous datasets	SCOPUS_ID:85104462944	10.1016/j.dib.2021.107044	None	None	0	2021-06-01	Data in Brief	None	[]	[]
Scopus	7d68855fb17c11eb935044af2806d069	impact of aperture thickness on the real time imaging characteristics of coded aperture gamma cameras	SCOPUS_ID:85091604467	10.1016/j.net.2020.09.012	None	Article	1	2021-04-01	Nuclear Engineering and Technology	None	[]	[]
Scopus	82e6a6b6b17c11ebbc1a44af2806d069	time delayed collective flow diffusion models for inferring latent people flow from aggregated data at limited locations	SCOPUS_ID:85097108097	10.1016/j.artint.2020.103430	None	Article	0	2021-03-01	Artificial Intelligence	None	[]	[]
Scopus	85503bf1b17c11eb907e44af2806d069	inference in cylindrical models having latent markovian classesâ€”with an application to ocean current data	SCOPUS_ID:85100810127	10.1016/j.spasta.2021.100497	None	Article	0	2021-03-01	Spatial Statistics	None	[]	[]
Scopus	8689be39b17c11eb994644af2806d069	gray matter structural networks related to <sup>18</sup>f thk535retention in cognitively normal older adults and alzheimer's disease patients	SCOPUS_ID:85099312830	10.1016/j.ensci.2021.100309	None	Article	0	2021-03-01	eNeurologicalSci	None	[]	[]
Scopus	8f867a49b17c11ebb9cd44af2806d069	pet image reconstruction using physical and mathematical modelling for time of flight pet mr scanners in the stir library	SCOPUS_ID:85082805328	10.1016/j.ymeth.2020.01.005	None	Article	7	2021-01-01	Methods	None	[]	[]
Scopus	9069e516b17c11eb8d1d44af2806d069	high performance ray imager using dual anti mask method for the investigation of high energy nuclear materials	SCOPUS_ID:85101229280	10.1016/j.net.2021.01.027	None	Article	0	2021-01-01	Nuclear Engineering and Technology	None	[]	[]
Scopus	9d01d87fb17c11eba2e844af2806d069	acoustic model based subword tokenization and prosodic context extraction without language knowledge for text to speech synthesis	SCOPUS_ID:85092234903	10.1016/j.specom.2020.09.003	None	Article	0	2020-12-01	Speech Communication	None	[]	[]
Scopus	a1a0f8d8b17c11ebb67944af2806d069	application of petct imaging information combined with tumor markers in etiological screening of infectious and non infectious ascites	SCOPUS_ID:85070880072	10.1016/j.jiph.2019.08.002	None	Article	0	2020-12-01	Journal of Infection and Public Health	None	[]	[]
Scopus	a481db05b17c11eba65544af2806d069	feasibility of multiparametric positron emission tomography/magnetic resonance imaging as a one stop shop for radiation therapy planning for patients with head and neck cancer	SCOPUS_ID:85089457116	10.1016/j.ijrobp.2020.07.024	None	Article	2	2020-12-01	International Journal of Radiation Oncology Biology Physics	None	[]	[]
Scopus	acf1948fb17c11eb8b0a44af2806d069	reservoir and lithofacies shale classification based on nmr logging	SCOPUS_ID:85086362069	10.1016/j.ptlrs.2020.04.005	None	Article	1	2020-09-01	Petroleum Research	None	[]	[]
Scopus	ae76b642b17c11ebbe0b44af2806d069	recycling weak labels for multiclass classification	SCOPUS_ID:85082023793	10.1016/j.neucom.2020.03.002	None	Article	1	2020-08-04	Neurocomputing	None	[]	[]
Scopus	b4019feeb17c11ebb1b344af2806d069	activation of nmda receptor ion channels by deep brain stimulation in the pig visualised with [<sup>18</sup>f]ge 17pet	SCOPUS_ID:85084210623	10.1016/j.brs.2020.03.019	None	Article	2	2020-07-01	Brain Stimulation	None	[]	[]
Scopus	b6eb4d5fb17c11eb817244af2806d069	spatial imputation for air pollutants data sets via low rank matrix completion algorithm	SCOPUS_ID:85083015609	10.1016/j.envint.2020.105713	None	Review	1	2020-06-01	Environment International	None	[]	[]
Scopus	b92a95d1b17c11eb862b44af2806d069	deoxy 2[f 18fluoro d glucose positron emission tomography deauville scale and core needle biopsy to determine successful management after six doxorubicinbleomycinvinblastine and dacarbazine cycles in advanced stage hodgkin lymphoma	SCOPUS_ID:85083422649	10.1016/j.ejca.2020.03.008	None	Article	2	2020-06-01	European Journal of Cancer	None	[]	[]
Scopus	b9d46690b17c11eb8a1b44af2806d069	gap filling continuously measured soil respiration dataa highlight of time series based methods	SCOPUS_ID:85079006445	10.1016/j.agrformet.2020.107912	None	Article	2	2020-05-15	Agricultural and Forest Meteorology	None	[]	[]
Scopus	baf254cfb17c11ebbad444af2806d069	adjacency based regularization for partially ranked data with non ignorable missing	SCOPUS_ID:85077951882	10.1016/j.csda.2019.106905	None	Article	0	2020-05-01	Computational Statistics and Data Analysis	None	[]	[]
Scopus	c0dde70ab17c11eb8c3a44af2806d069	characterization and source identification of antibiotic resistance genes in the sediments of an interconnected river lake system	SCOPUS_ID:85078771502	10.1016/j.envint.2020.105538	None	Article	14	2020-04-01	Environment International	None	[]	[]
Scopus	c250f10cb17c11eb87a244af2806d069	mixtures of peaked power batschelet distributions for circular data with application to saccade directions	SCOPUS_ID:85078659812	10.1016/j.jmp.2019.102309	None	Article	0	2020-04-01	Journal of Mathematical Psychology	None	[]	[]
Scopus	c807fc1ab17c11ebba0a44af2806d069	an expectation maximization based single beacon underwater navigation method with unknown esv	SCOPUS_ID:85075495668	10.1016/j.neucom.2019.10.066	None	Article	13	2020-02-22	Neurocomputing	None	[]	[]
Scopus	cac74a04b17c11eb932a44af2806d069	value of sharing cow reference population between countries on reliability of genomic prediction for milk yield traits	SCOPUS_ID:85076844577	10.3168/jds.2019-17170	None	Article	2	2020-02-01	Journal of Dairy Science	None	[]	[]
Scopus	d62ffafab17c11eb85a044af2806d069	image reconstruction methods affect software aided assessment of pathologies of [<sup>18</sup>f]flutemetamol and [<sup>18</sup>f]fdg brain pet examinations in patients with neurodegenerative diseases	SCOPUS_ID:85089946654	10.1016/j.nicl.2020.102386	None	Article	0	2020-01-01	NeuroImage: Clinical	None	[]	[]
Scopus	efa294beb17c11eb95b144af2806d069	handling multi mapped reads in rna seq	SCOPUS_ID:85086987691	10.1016/j.csbj.2020.06.014	None	Review	3	2020-01-01	Computational and Structural Biotechnology Journal	None	[]	[]
Scopus	f044f410b17c11eba7d244af2806d069	clustering cloud workloadsk means vs gaussian mixture model	SCOPUS_ID:85086642521	10.1016/j.procs.2020.04.017	None	Conference Paper	1	2020-01-01	Procedia Computer Science	None	[]	[]
Scopus	f2588a56b17c11eba74c44af2806d069	estimation of optimized timely system matrix with improved image quality in iterative reconstruction algorithma simulation study	SCOPUS_ID:85077986759	10.1016/j.heliyon.2020.e03279	None	Article	1	2020-01-01	Heliyon	None	[]	[]
Scopus	f9aeec28b17c11eb8ba344af2806d069	data on mri brain lesion segmentation using k means and gaussian mixture model expectation maximization	SCOPUS_ID:85073608826	10.1016/j.dib.2019.104628	None	None	8	2019-12-01	Data in Brief	None	[]	[]
Scopus	060eb9b9b17d11eb914d44af2806d069	reconstruction of the electron source intensity distribution of a clinical linear accelerator using in air measurements and a genetic algorithm	SCOPUS_ID:85075989173	10.1016/j.phro.2019.11.010	None	Article	0	2019-10-01	Physics and Imaging in Radiation Oncology	None	[]	[]
Scopus	10afb020b17d11eba63544af2806d069	radiation measurement and imaging using 3d position sensitive pixelated czt detector	SCOPUS_ID:85068059481	10.1016/j.net.2019.03.009	None	Article	7	2019-08-01	Nuclear Engineering and Technology	None	[]	[]
Scopus	14f534b5b17d11eba32044af2806d069	towards an efficient segmentation of small rodents braina short critical review	SCOPUS_ID:85066147720	10.1016/j.jneumeth.2019.05.003	None	Review	7	2019-07-15	Journal of Neuroscience Methods	None	[]	[]
Scopus	18be71a5b17d11eb9c2744af2806d069	an em algorithm for gmm parameter estimation in the presence of censored and dropped data with potential application for indoor positioning	SCOPUS_ID:85054193270	10.1016/j.icte.2018.08.001	None	Article	3	2019-06-01	ICT Express	None	[]	[]
Scopus	1bd68fc3b17d11ebaf2844af2806d069	breast mri and x ray mammography registration using gradient values	SCOPUS_ID:85062289658	10.1016/j.media.2019.02.013	None	Article	12	2019-05-01	Medical Image Analysis	None	[]	[]
Scopus	26213d1eb17d11eb87ee44af2806d069	learning along a channelthe expectation part of expectation maximisation	SCOPUS_ID:85081788219	10.1016/j.entcs.2019.09.008	None	Conference Paper	1	2019-01-01	Electronic Notes in Theoretical Computer Science	None	[]	[]
Scopus	2775d718b17d11ebbe4b44af2806d069	continuous region query processing in clustered point sets	SCOPUS_ID:85074732570	10.1016/j.procs.2019.08.040	None	Conference Paper	1	2019-01-01	Procedia Computer Science	None	[]	[]
Scopus	32fe1377b17d11eb9f9244af2806d069	gradient descent optimization for visual tracking with geometrics transformation adaptation	SCOPUS_ID:85062657040	10.1016/j.procs.2019.01.020	None	Conference Paper	1	2019-01-01	Procedia Computer Science	None	[]	[]
Scopus	42b04ab7b17d11eba2d644af2806d069	capsule networks a survey	SCOPUS_ID:85073022796	10.1016/j.jksuci.2019.09.014	None	Review	23	2019-01-01	Journal of King Saud University - Computer and Information Sciences	None	[]	[]
Scopus	465be675b17d11eb9be844af2806d069	pharmacokinetic parameters of quinine in healthy subjects and in patients with uncomplicated malaria in nigeriaanalysis of data using a population approach	SCOPUS_ID:85073551055	10.1016/j.curtheres.2019.100567	None	Article	1	2019-01-01	Current Therapeutic Research - Clinical and Experimental	None	[]	[]
Scopus	481a3935b17d11eb882844af2806d069	irt scoring procedures for timss data	SCOPUS_ID:85067949711	10.1016/j.mex.2019.06.015	None	Article	1	2019-01-01	MethodsX	None	[]	[]
Scopus	4f117a96b17d11eb953044af2806d069	multipath mitigation method based on gaussian mixture model in rf relative measurement	SCOPUS_ID:85048961260	10.1016/j.cja.2018.04.015	None	Article	0	2018-12-01	Chinese Journal of Aeronautics	None	[]	[]
Scopus	5543318bb17d11eba4fe44af2806d069	learning pharmacokinetic models for in vivo glucocorticoid activation	SCOPUS_ID:85050793073	10.1016/j.jtbi.2018.07.025	None	Article	3	2018-10-14	Journal of Theoretical Biology	None	[]	[]
Scopus	56a6f8e2b17d11eb82b544af2806d069	an overview of recent developments in fluka pet tools	SCOPUS_ID:85049342751	10.1016/j.ejmp.2018.06.636	None	Article	4	2018-10-01	Physica Medica	None	[]	[]
Scopus	5a6b0890b17d11eb868844af2806d069	a non iterative clustering based soft segmentation approach for a class of fuzzy images	SCOPUS_ID:85019539974	10.1016/j.asoc.2017.05.025	None	Article	4	2018-09-01	Applied Soft Computing Journal	None	[]	[]
Scopus	5b0dfc97b17d11eb9fa944af2806d069	a monte carlo study of arms effect in myocardial perfusion of normal and abnormal cases utilizing stl heart shape	SCOPUS_ID:85058458409	10.1016/j.rinp.2018.06.028	None	Article	1	2018-09-01	Results in Physics	None	[]	[]
Scopus	5e836ed0b17d11eb957444af2806d069	investigation of nuclear material using a compact modified uniformly redundant array gamma camera	SCOPUS_ID:85046686914	10.1016/j.net.2018.04.006	None	Article	3	2018-08-01	Nuclear Engineering and Technology	None	[]	[]
Scopus	60efd8aeb17d11ebb4e644af2806d069	tracespecksa software for automated idealization of noisy patch clamp and imaging data	SCOPUS_ID:85048702514	10.1016/j.bpj.2018.06.003	None	Article	5	2018-07-03	Biophysical Journal	None	[]	[]
Scopus	63905d27b17d11eb88cc44af2806d069	gaussian input gaussian mixture model for representing density maps and atomic models	SCOPUS_ID:85043773597	10.1016/j.jsb.2018.03.002	None	Article	8	2018-07-01	Journal of Structural Biology	None	[]	[]
Scopus	71e9b2c7b17d11ebae0a44af2806d069	inferring the most probable maps of underground utilities using bayesian mapping model	SCOPUS_ID:85044639536	10.1016/j.jappgeo.2018.01.006	None	Article	8	2018-03-01	Journal of Applied Geophysics	None	[]	[]
Scopus	75c69a3bb17d11eb8b7044af2806d069	group wise similarity registration of point sets using student's t mixture model for statistical shape models	SCOPUS_ID:85037986547	10.1016/j.media.2017.11.012	None	Article	15	2018-02-01	Medical Image Analysis	None	[]	[]
Scopus	93af6941b17d11eb9b3144af2806d069	investigating focal adhesion substructures by localization microscopy	SCOPUS_ID:85037365331	10.1016/j.bpj.2017.09.032	None	Article	7	2017-12-05	Biophysical Journal	None	[]	[]
Scopus	99b1aa87b17d11ebb15f44af2806d069	mr guided joint reconstruction of activity and attenuation in brain pet mr	SCOPUS_ID:85029348363	10.1016/j.neuroimage.2017.09.006	None	Article	16	2017-11-15	NeuroImage	None	[]	[]
Scopus	9f250ce2b17d11eb95d344af2806d069	a scalable bayesian method for integrating functional information in genome wide association studies	SCOPUS_ID:85028057012	10.1016/j.ajhg.2017.08.002	None	Article	26	2017-09-07	American Journal of Human Genetics	None	[]	[]
Scopus	a1dddd44b17d11eb9da844af2806d069	a phylogenetic approach for haplotype analysis of sequence data from complex mitochondrial mixtures	SCOPUS_ID:85021387527	10.1016/j.fsigen.2017.05.007	None	Article	16	2017-09-01	Forensic Science International: Genetics	None	[]	[]
Scopus	af34b267b17d11eb9fb244af2806d069	active function cross entropy clustering	SCOPUS_ID:85004019030	10.1016/j.eswa.2016.12.011	None	Article	9	2017-04-15	Expert Systems with Applications	None	[]	[]
Scopus	b465922ab17d11ebb34044af2806d069	a multivariate mixture model to estimate the accuracy of glycosaminoglycan identifications made by tandem mass spectrometry (ms/msand database search	SCOPUS_ID:85013187645	10.1074/mcp.M116.062588	None	Article	4	2017-02-01	Molecular and Cellular Proteomics	None	[]	[]
Scopus	b887939ab17d11eba71d44af2806d069	estimating bayesian networks parameters using em and gibbs sampling	SCOPUS_ID:85029363809	10.1016/j.procs.2017.06.023	None	Conference Paper	3	2017-01-01	Procedia Computer Science	None	[]	[]
Scopus	b9d77db4b17d11eba2d244af2806d069	determining air conditioning usage patterns in singapore from distributedportable sensors	SCOPUS_ID:85029905305	10.1016/j.egypro.2017.07.328	None	Conference Paper	15	2017-01-01	Energy Procedia	None	[]	[]
Scopus	bd08fc3fb17d11eba99444af2806d069	the influence of bayesian networks structure on rock burst hazard prediction with incomplete data	SCOPUS_ID:85023206097	10.1016/j.proeng.2017.05.173	None	Conference Paper	7	2017-01-01	Procedia Engineering	None	[]	[]
Scopus	be43968ab17d11ebabfc44af2806d069	a dynamic bayesian network approach to forecast short term urban rail passenger flows with incomplete data	SCOPUS_ID:85027895665	10.1016/j.trpro.2017.07.008	None	Conference Paper	21	2017-01-01	Transportation Research Procedia	None	[]	[]
Scopus	ca9e8759b17d11ebadf544af2806d069	detecting change points for shifts in mean and variance using fuzzy classification maximum likelihood change point algorithms	SCOPUS_ID:84977527157	10.1016/j.cam.2016.06.006	None	Article	6	2016-12-15	Journal of Computational and Applied Mathematics	None	[]	[]
Scopus	cca549a9b17d11ebaafe44af2806d069	time perspective and well beingswedish survey questionnaires and data	SCOPUS_ID:85029536574	10.1016/j.dib.2016.08.057	None	None	2	2016-12-01	Data in Brief	None	[]	[]
Scopus	cefa20a8b17d11eb9eb844af2806d069	hidden markov modeling with detailed balance and its application to single protein folding	SCOPUS_ID:85000386270	10.1016/j.bpj.2016.09.045	None	Article	9	2016-11-15	Biophysical Journal	None	[]	[]
Scopus	d8f6d080b17d11eb8e6444af2806d069	covariances matrix under the multivariate gh funtion to desing portfolios	SCOPUS_ID:84961674906	10.1016/j.cya.2015.11.009	None	Article	0	2016-07-01	Contaduria y Administracion	None	[]	[]
Scopus	de924a91b17d11eb920844af2806d069	analysis of bivariate zero inflated count data with missing responses	SCOPUS_ID:84961144678	10.1016/j.jmva.2016.02.010	None	Article	2	2016-06-01	Journal of Multivariate Analysis	None	[]	[]
Scopus	df427497b17d11ebb7f944af2806d069	remaining useful life prediction based on the wiener process for an aviation axial piston pump	SCOPUS_ID:84966963754	10.1016/j.cja.2015.12.020	None	Article	65	2016-06-01	Chinese Journal of Aeronautics	None	[]	[]
Scopus	e0d28675b17d11eb871a44af2806d069	vector taylor series based model adaptation using noisy speech trained hidden markov models	SCOPUS_ID:84961875746	10.1016/j.patrec.2016.02.013	None	Article	4	2016-05-01	Pattern Recognition Letters	None	[]	[]
Scopus	e2699ac4b17d11eb9a1644af2806d069	supervised singular value decomposition and its asymptotic properties	SCOPUS_ID:84925707082	10.1016/j.jmva.2015.02.016	None	Article	15	2016-04-01	Journal of Multivariate Analysis	None	[]	[]
Scopus	e314c2bdb17d11eb84e944af2806d069	event reconstruction in next using the ml em algorithm	SCOPUS_ID:84973139083	10.1016/j.nuclphysbps.2015.10.010	None	Article	1	2016-04-01	Nuclear and Particle Physics Proceedings	None	[]	[]
Scopus	e7520f81b17d11eba20644af2806d069	deformation analysis in tunnels through curve clustering	SCOPUS_ID:84942022677	10.1016/j.apm.2015.07.020	None	Article	2	2016-01-15	Applied Mathematical Modelling	None	[]	[]
Scopus	e8699702b17d11eba71d44af2806d069	expectation maximization based image fusion algorithm for detection of underwater targets from sonar images	SCOPUS_ID:84978683071	10.1016/j.procs.2016.05.266	None	Conference Paper	1	2016-01-01	Procedia Computer Science	None	[]	[]
Scopus	e99933f4b17d11ebb14344af2806d069	em algorithm for truncated and censored poisson likelihoods	SCOPUS_ID:84999751727	10.1016/j.procs.2016.05.109	None	Conference Paper	3	2016-01-01	Procedia Computer Science	None	[]	[]
Scopus	ead9d6a1b17d11eb8b3a44af2806d069	keypoint extraction using surf algorithm for cmfd	SCOPUS_ID:84985902346	10.1016/j.procs.2016.07.223	None	Conference Paper	6	2016-01-01	Procedia Computer Science	None	[]	[]
Scopus	eb775bcbb17d11ebaa7a44af2806d069	face recognition performance improvement using derivative of accumulated absolute difference based on probabilistic histogram	SCOPUS_ID:84999635683	10.1016/j.procs.2016.05.052	None	Conference Paper	1	2016-01-01	Procedia Computer Science	None	[]	[]
Scopus	ed3ab03cb17d11eb820344af2806d069	investigation on abnormal tissues detection methods for mri image	SCOPUS_ID:84975474221	10.1016/j.procs.2016.05.149	None	Conference Paper	0	2016-01-01	Procedia Computer Science	None	[]	[]
Scopus	f1d6837bb17d11ebb40d44af2806d069	sar image despeckling based on combination of laplace mixture distribution with local parameters and multiscale edge detection in lapped transform domain	SCOPUS_ID:84975508627	10.1016/j.procs.2016.05.140	None	Conference Paper	5	2016-01-01	Procedia Computer Science	None	[]	[]
Scopus	f41d3ec5b17d11ebb31844af2806d069	real time traffic incident detection using a probabilistic topic model	SCOPUS_ID:84940720861	10.1016/j.is.2015.07.002	None	Article	32	2015-12-01	Information Systems	None	[]	[]
Scopus	f5222c8cb17d11eba20c44af2806d069	an integrated robust semi supervised framework for improving cluster reliability using ensemble method for heterogeneous datasets	SCOPUS_ID:85057605781	10.1016/j.kijoms.2015.11.004	None	Article	4	2015-12-01	Karbala International Journal of Modern Science	None	[]	[]
Scopus	f64480e4b17d11ebb6a144af2806d069	detecting glaucomatous change in visual fieldsanalysis with an optimization framework	SCOPUS_ID:84947968281	10.1016/j.jbi.2015.09.019	None	Article	11	2015-12-01	Journal of Biomedical Informatics	None	[]	[]
Scopus	f8f6743fb17d11eba68144af2806d069	estimating anatomical trajectories with bayesian mixed effects modeling	SCOPUS_ID:84938683218	10.1016/j.neuroimage.2015.06.094	None	Article	16	2015-11-01	NeuroImage	None	[]	[]
Scopus	09282711b17e11ebbf1544af2806d069	robust whole brain segmentationapplication to traumatic brain injury	SCOPUS_ID:84922448678	10.1016/j.media.2014.12.003	None	Article	87	2015-04-01	Medical Image Analysis	None	[]	[]
Scopus	0bcd8cbfb17e11eb8cf544af2806d069	brain tumor segmentation based on a hybrid clustering technique	SCOPUS_ID:84922570626	10.1016/j.eij.2015.01.003	None	Article	209	2015-03-01	Egyptian Informatics Journal	None	[]	[]
Scopus	0f0ccb31b17e11ebab6444af2806d069	an enhanced fuzzy clustering and expectation maximization framework based matching semantically similar sentences	SCOPUS_ID:84944034608	10.1016/j.procs.2015.07.406	None	Conference Paper	6	2015-01-01	Procedia Computer Science	None	[]	[]
Scopus	101acef3b17e11eb93be44af2806d069	bovines muzzle classification based on machine learning techniques	SCOPUS_ID:84953298636	10.1016/j.procs.2015.09.044	None	Conference Paper	8	2015-01-01	Procedia Computer Science	None	[]	[]
Scopus	1109d69ab17e11eba10e44af2806d069	ontology model for wellness contents recommendation based on risk ratio em	SCOPUS_ID:84939148445	10.1016/j.procs.2015.05.155	None	Conference Paper	4	2015-01-01	Procedia Computer Science	None	[]	[]
Scopus	14e4e9b8b17e11eb9c8944af2806d069	charactering neural spiking activity evoked by acupuncture through state space model	SCOPUS_ID:84919725234	10.1016/j.apm.2014.09.005	None	Article	2	2015-01-01	Applied Mathematical Modelling	None	[]	[]
Scopus	188bda81b17e11eb9f7644af2806d069	segmentation of immunohistochemical staining of catenin expression of oral cancer using em algorithm	SCOPUS_ID:84930537671	10.1016/j.jtumed.2014.11.007	None	Article	3	2015-01-01	Journal of Taibah University Medical Sciences	None	[]	[]
Scopus	198b2a28b17e11eb9e8944af2806d069	multi modal ultrasound imaging for breast cancer detection	SCOPUS_ID:84995478951	10.1016/j.phpro.2015.03.022	None	Conference Paper	6	2015-01-01	Physics Procedia	None	[]	[]
Scopus	1ceca36eb17e11ebb7b144af2806d069	vector quantization based on insensitive mixture models	SCOPUS_ID:84929959229	10.1016/j.neucom.2015.01.081	None	Article	5	2015-01-01	Neurocomputing	None	[]	[]
Scopus	220b3494b17e11eb99e244af2806d069	pc1cells that lack synaptotagmin i exhibit loss of a subpool of small dense core vesicles	SCOPUS_ID:84920182631	10.1016/j.bpj.2014.10.060	None	Article	1	2014-12-16	Biophysical Journal	None	[]	[]
Scopus	2ad4a7dcb17e11eb982f44af2806d069	video background subtraction in complex environments	SCOPUS_ID:84919681652	10.1016/S1665-6423(14)71632-3	None	Article	22	2014-06-01	Journal of Applied Research and Technology	None	[]	[]
Scopus	2c54c53db17e11eba4cf44af2806d069	estimating the incidence and prevalence of chronic hepatitis c infection in taiwan using back projection	SCOPUS_ID:84896724246	10.1016/j.vhri.2013.08.001	None	Article	28	2014-05-01	Value in Health Regional Issues	None	[]	[]
Scopus	334f41a1b17e11eba53144af2806d069	doa estimation and mutual coupling calibration with the sage algorithm	SCOPUS_ID:84927591630	10.1016/j.cja.2014.10.020	None	Article	2	2014-01-01	Chinese Journal of Aeronautics	None	[]	[]
Scopus	346705a1b17e11eb951044af2806d069	measuring the influence of mass media on opinion segregation through twitter	SCOPUS_ID:84938580752	10.1016/j.procs.2014.09.062	None	Conference Paper	7	2014-01-01	Procedia Computer Science	None	[]	[]
Scopus	3598d5acb17e11eb9c7944af2806d069	modeling weather impact on a secondary electrical grid	SCOPUS_ID:84902652210	10.1016/j.procs.2014.05.470	None	Conference Paper	0	2014-01-01	Procedia Computer Science	None	[]	[]
Scopus	37b0cc7db17e11eb8d3644af2806d069	contact state modeling of robotic assembly tasks using gaussian mixture models	SCOPUS_ID:84922739355	10.1016/j.procir.2014.10.061	None	Conference Paper	13	2014-01-01	Procedia CIRP	None	[]	[]
Scopus	3903e1a7b17e11ebba1c44af2806d069	internet traffic clustering with side information	SCOPUS_ID:84897916695	10.1016/j.jcss.2014.02.008	None	Conference Paper	24	2014-01-01	Journal of Computer and System Sciences	None	[]	[]
Scopus	3b2606f5b17e11ebb99e44af2806d069	simultaneous localization and mapping in wireless sensor networks	SCOPUS_ID:84896537470	10.1016/j.sigpro.2014.02.011	None	Article	22	2014-01-01	Signal Processing	None	[]	[]
Scopus	3cd43452b17e11eb8da544af2806d069	simultaneous state and parameter estimation for a nonlinear time varying system	SCOPUS_ID:84907314429	10.1016/j.riai.2014.05.001	None	Article	1	2014-01-01	RIAI - Revista Iberoamericana de Automatica e Informatica Industrial	None	[]	[]
Scopus	3e6deb35b17e11ebae8e44af2806d069	position identification in force guided robotic peg in hole assembly tasks	SCOPUS_ID:84922737924	10.1016/j.procir.2014.10.077	None	Conference Paper	33	2014-01-01	Procedia CIRP	None	[]	[]
Scopus	453711d1b17e11eb897744af2806d069	estimation of the serial interval of pertussis in dutch households	SCOPUS_ID:84896120427	10.1016/j.epidem.2014.02.001	None	Article	5	2014-01-01	Epidemics	None	[]	[]
Scopus	467171ddb17e11ebbb7844af2806d069	diffeomorphic metric mapping and probabilistic atlas generation of hybrid diffusion imaging based on bfor signal basis	SCOPUS_ID:84902965251	10.1016/j.media.2014.05.011	None	Article	4	2014-01-01	Medical Image Analysis	None	[]	[]
Scopus	4d41249cb17e11eb805344af2806d069	six locus high resolution hla haplotype frequencies derived from mixed resolution dna typing for the entire us donor registry	SCOPUS_ID:84883798899	10.1016/j.humimm.2013.06.025	None	Article	187	2013-10-01	Human Immunology	None	[]	[]
Scopus	518ef10bb17e11eb908044af2806d069	diagnosis of copy number variation by illumina next generation sequencing is comparable in performance to oligonucleotide array comparative genomic hybridisation	SCOPUS_ID:84882833974	10.1016/j.ygeno.2013.04.006	None	Review	40	2013-09-01	Genomics	None	[]	[]
Scopus	520fab5fb17e11ebaeb444af2806d069	genetic variance in micro environmental sensitivity for milk and milk quality in walloon holstein cattle	SCOPUS_ID:84882865557	10.3168/jds.2012-6521	None	Article	18	2013-09-01	Journal of Dairy Science	None	[]	[]
Scopus	576dd51eb17e11eba8a344af2806d069	automated maximum likelihood separation of signal from baseline in noisy quantal data	SCOPUS_ID:84879824377	10.1016/j.bpj.2013.02.060	None	Article	11	2013-07-02	Biophysical Journal	None	[]	[]
Scopus	57fce41cb17e11eb90f344af2806d069	expectation maximization based algorithm for pattern recognition in traffic speed distribution	SCOPUS_ID:84878609423	10.1016/j.mcm.2012.11.004	None	Article	6	2013-07-01	Mathematical and Computer Modelling	None	[]	[]
Scopus	5b49e139b17e11eba82044af2806d069	real time fault detection method based on belief rule base for aircraft navigation system	SCOPUS_ID:84879779940	10.1016/j.cja.2013.04.039	None	Article	25	2013-06-01	Chinese Journal of Aeronautics	None	[]	[]
Scopus	5dcc6d62b17e11ebaeb244af2806d069	short communicationgenetic evaluation of mobility for brown swiss dairy cattle	SCOPUS_ID:84875510743	10.3168/jds.2012-6193	None	Article	2	2013-04-01	Journal of Dairy Science	None	[]	[]
Scopus	5ece3ef7b17e11eb912144af2806d069	need for speedan efficient algorithm for calculation of single parameter expected value of partial perfect information	SCOPUS_ID:84875454300	10.1016/j.jval.2012.10.018	None	Article	22	2013-03-01	Value in Health	None	[]	[]
Scopus	6666b00cb17e11ebae9144af2806d069	using von mises fisher distribution for polymer conformation analysis in multi scale framework	SCOPUS_ID:84891686341	10.1016/j.proeng.2013.07.102	None	Conference Paper	2	2013-01-01	Procedia Engineering	None	[]	[]
Scopus	6d578ca7b17e11ebb64f44af2806d069	a new clustering method for detecting rare senses of abbreviations in clinical notes	SCOPUS_ID:84869887967	10.1016/j.jbi.2012.06.003	None	Article	8	2012-12-01	Journal of Biomedical Informatics	None	[]	[]
Scopus	6e563093b17e11eb9e9944af2806d069	a hybrid intelligent approach for the prediction of electricity consumption	SCOPUS_ID:84862244725	10.1016/j.ijepes.2012.05.027	None	Article	42	2012-12-01	International Journal of Electrical Power and Energy Systems	None	[]	[]
Scopus	78e918bbb17e11eb851344af2806d069	hangman bcian unsupervised adaptive self paced brain computer interface for playing games	SCOPUS_ID:84859209321	10.1016/j.compbiomed.2012.02.004	None	Article	25	2012-05-01	Computers in Biology and Medicine	None	[]	[]
Scopus	7c1660feb17e11eb92e944af2806d069	fused mel feature sets based text independent speaker identification using gaussian mixture model	SCOPUS_ID:84859010565	10.1016/j.proeng.2012.01.867	None	Conference Paper	22	2012-04-02	Procedia Engineering	None	[]	[]
Scopus	7d0f746fb17e11ebb65144af2806d069	an efficient implementation of pet image reconstruction from list mode data	SCOPUS_ID:84863368904	10.1016/j.proeng.2012.01.502	None	Conference Paper	0	2012-03-22	Procedia Engineering	None	[]	[]
Scopus	7f26c42db17e11eb938244af2806d069	design and validation of a questionnaire to measure the attitudes of hospital staff concerning pandemic influenza	SCOPUS_ID:84857108062	10.1016/j.jiph.2011.11.002	None	Article	2	2012-03-01	Journal of Infection and Public Health	None	[]	[]
Scopus	80697bf9b17e11eba3df44af2806d069	unsupervised learning of mixture models based on swarm intelligence and neural networks with optimal completion using incomplete data	SCOPUS_ID:84866428315	10.1016/j.eij.2012.03.002	None	Article	6	2012-01-01	Egyptian Informatics Journal	None	[]	[]
Scopus	81157b8fb17e11eb89d444af2806d069	formulating human mobility model in a form of continuous time markov chain	SCOPUS_ID:84895427746	10.1016/j.procs.2012.06.051	None	Conference Paper	8	2012-01-01	Procedia Computer Science	None	[]	[]
Scopus	83ae7d19b17e11eb958944af2806d069	real time video segmentation using student's t mixture model	SCOPUS_ID:84896996267	10.1016/j.procs.2012.06.023	None	Conference Paper	7	2012-01-01	Procedia Computer Science	None	[]	[]
Scopus	84d34218b17e11eba2c444af2806d069	simultaneous rss based localization and model calibration in wireless networks with a mobile robot	SCOPUS_ID:84881127235	10.1016/j.procs.2012.06.157	None	Conference Paper	9	2012-01-01	Procedia Computer Science	None	[]	[]
Scopus	8b0aee33b17e11ebae3f44af2806d069	on the concepts of complex networks to quantify the difficulty in finding the way out of labyrinths	SCOPUS_ID:80052601206	10.1016/j.physa.2011.06.079	None	Article	10	2011-11-01	Physica A: Statistical Mechanics and its Applications	None	[]	[]
Scopus	8ef897d2b17e11ebb4a344af2806d069	the monte carlo em method for the parameter estimation of biological models	SCOPUS_ID:80054968132	10.1016/j.entcs.2011.09.003	None	Conference Paper	1	2011-09-27	Electronic Notes in Theoretical Computer Science	None	[]	[]
Scopus	911637acb17e11ebb6c844af2806d069	sample weighted clustering methods	SCOPUS_ID:80052263784	10.1016/j.camwa.2011.07.005	None	Article	12	2011-09-01	Computers and Mathematics with Applications	None	[]	[]
Scopus	93e156deb17e11eb877844af2806d069	short communicationinfluence of the muscle hypertrophy mutation of the myostatin gene on milk production traits and milk fatty acid composition in dual purpose belgian blue dairy cattle	SCOPUS_ID:79959359808	10.3168/jds.2010-4057	None	Article	4	2011-07-01	Journal of Dairy Science	None	[]	[]
Scopus	958437eab17e11eb914344af2806d069	efficient probabilistic latent semantic indexing using graphics processing unit	SCOPUS_ID:79958260210	10.1016/j.procs.2011.04.040	None	Conference Paper	3	2011-06-15	Procedia Computer Science	None	[]	[]
Scopus	994bb630b17e11eba85e44af2806d069	evolutionary eigenvoice mllr speaker adaptation	SCOPUS_ID:79952509878	10.1016/j.procs.2010.12.163	None	Conference Paper	0	2011-03-16	Procedia Computer Science	None	[]	[]
Scopus	9c3caaa6b17e11ebad6e44af2806d069	using incremental general regression neural network for learning mixture models from incomplete data	SCOPUS_ID:83555174840	10.1016/j.eij.2011.07.001	None	Article	5	2011-01-01	Egyptian Informatics Journal	None	[]	[]
Scopus	9cf796b1b17e11eb945d44af2806d069	an algorithm for unsupervised learning and optimization of finite mixture models	SCOPUS_ID:79955778082	10.1016/j.eij.2011.02.005	None	Article	2	2011-01-01	Egyptian Informatics Journal	None	[]	[]
Scopus	a1666504b17e11eb9ca644af2806d069	estimating unconstrained customer choice set demanda case study on airline reservation data	SCOPUS_ID:84880535837	10.1016/S1755-5345(13)70043-5	None	Article	8	2011-01-01	Journal of Choice Modelling	None	[]	[]
Scopus	a219e2a0b17e11eb95b344af2806d069	semiparametric analysis of longitudinal zero inflated count data	SCOPUS_ID:77957753239	10.1016/j.jmva.2010.08.001	None	Article	10	2011-01-01	Journal of Multivariate Analysis	None	[]	[]
Scopus	b156fb4cb17e11eba5c844af2806d069	structural em for learning pdg models from incomplete data	SCOPUS_ID:77955231396	10.1016/j.ijar.2010.01.010	None	Conference Paper	4	2010-06-01	International Journal of Approximate Reasoning	None	[]	[]
Scopus	b6138969b17e11ebb52b44af2806d069	using general regression with local tuning for learning mixture models from incomplete data sets	SCOPUS_ID:78650267969	10.1016/j.eij.2010.10.001	None	Article	7	2010-01-01	Egyptian Informatics Journal	None	[]	[]
Scopus	b753c0c6b17e11eb8ae244af2806d069	generative topographic mapping by deterministic annealing	SCOPUS_ID:78650292821	10.1016/j.procs.2010.04.007	None	Conference Paper	6	2010-01-01	Procedia Computer Science	None	[]	[]
Scopus	bb3103dab17e11eb858f44af2806d069	learning rates and states from biophysical time seriesa bayesian approach to model selection and single molecule fret data	SCOPUS_ID:73449090455	10.1016/j.bpj.2009.09.031	None	Article	215	2009-12-16	Biophysical Journal	None	[]	[]
Scopus	c98e1c86b17e11eb82ba44af2806d069	color image segmentation using adaptive mean shift and statistical model based methods	SCOPUS_ID:60349112603	10.1016/j.camwa.2008.10.053	None	Article	29	2009-03-01	Computers and Mathematics with Applications	None	[]	[]
Scopus	ccc625f4b17e11ebbe4344af2806d069	multiscale modeling for classification of sar imagery using hybrid em algorithm and genetic algorithm	SCOPUS_ID:69049112789	10.1016/j.pnsc.2009.01.003	None	Article	5	2009-01-01	Progress in Natural Science	None	[]	[]
Scopus	ce01e190b17e11eba40d44af2806d069	spike inference from calcium imaging using sequential monte carlo methods	SCOPUS_ID:68949128883	10.1016/j.bpj.2008.08.005	None	Article	134	2009-01-01	Biophysical Journal	None	[]	[]
Scopus	d729acb2b17e11eb85a344af2806d069	applying the extended mass constraint em algorithm to image retrieval	SCOPUS_ID:46049102005	10.1016/j.camwa.2007.07.019	None	Article	3	2008-08-01	Computers and Mathematics with Applications	None	[]	[]
Scopus	d8909878b17e11ebb6ae44af2806d069	bayesian monte carlo estimation for profile hidden markov models	SCOPUS_ID:42949119851	10.1016/j.mcm.2007.07.002	None	Article	3	2008-06-01	Mathematical and Computer Modelling	None	[]	[]
Scopus	daf26569b17e11ebb0db44af2806d069	diffusion based spatial priors for functional magnetic resonance images	SCOPUS_ID:44149098492	10.1016/j.neuroimage.2008.02.005	None	Article	36	2008-06-01	NeuroImage	None	[]	[]
Scopus	eed18c0cb17e11eb9f5944af2806d069	em algorithms for nonparametric estimation of mixing distributions	SCOPUS_ID:76149143555	10.1016/S1755-5345(13)70022-8	None	Article	131	2008-01-01	Journal of Choice Modelling	None	[]	[]
Scopus	f0e89e59b17e11eba48044af2806d069	statistical methods for targeted clinical trials under enrichment design.	SCOPUS_ID:65449172786	10.1016/s0929-6646(09)60007-3	None	Article	13	2008-01-01	Journal of the Formosan Medical Association = Taiwan yi zhi	None	[]	[]
Scopus	f8d41499b17e11ebbce344af2806d069	modeling experimental image formation for likelihood based classification of electron microscopy data	SCOPUS_ID:35148891312	10.1016/j.str.2007.09.003	None	Article	51	2007-10-16	Structure	None	[]	[]
Scopus	02a7559fb17f11eb93fe44af2806d069	simultaneous modelling of the cholesky decomposition of several covariance matrices	SCOPUS_ID:33751018855	10.1016/j.jmva.2005.11.002	None	Article	35	2007-03-01	Journal of Multivariate Analysis	None	[]	[]
Scopus	070a18d3b17f11eb93e744af2806d069	iterative methods for the reconstruction of astronomical images with high dynamic range	SCOPUS_ID:33748748980	10.1016/j.cam.2005.06.049	None	Article	9	2007-01-15	Journal of Computational and Applied Mathematics	None	[]	[]
Scopus	0d550c41b17f11eba65744af2806d069	estimating prevalencefalse positive rateand false negative rate with use of repeated testing when true responses are unknown	SCOPUS_ID:35348907886	10.1086/521582	None	Letter	0	2007-01-01	American Journal of Human Genetics	None	[]	[]
Scopus	155e59c7b17f11ebb3a444af2806d069	validation of an approximate reml algorithm for parameter estimation in a multitraitmultiple across country evaluation modela simulation study	SCOPUS_ID:35748959341	10.3168/jds.2007-0072	None	Article	7	2007-01-01	Journal of Dairy Science	None	[]	[]
Scopus	1f9696beb17f11eba3dd44af2806d069	an expectation maximization algorithm for the analysis of allelic expression imbalance	SCOPUS_ID:33748664196	10.1086/506968	None	Article	7	2006-01-01	American Journal of Human Genetics	None	[]	[]
Scopus	21610591b17f11eb905c44af2806d069	genetic parameters and evaluation of rear legs (rear viewfor brown swiss and guernseys	SCOPUS_ID:33846278741	10.3168/jds.S0022-0302(06)72538-3	None	Article	13	2006-01-01	Journal of Dairy Science	None	[]	[]
Scopus	21efb48cb17f11eb8ae944af2806d069	contrasting linkage disequilibrium patterns between cases and controls as a novel association mapping method	SCOPUS_ID:33646028514	10.1086/503710	None	Article	70	2006-01-01	American Journal of Human Genetics	None	[]	[]
Scopus	22c01dbeb17f11ebbaec44af2806d069	a novel framework for sib pair linkage analysis	SCOPUS_ID:31544437217	10.1086/499827	None	Article	9	2006-01-01	American Journal of Human Genetics	None	[]	[]
Scopus	3d844234b17f11eba87144af2806d069	spatial pattern discovery by learning a probabilistic parametric model from multiple attributed relational graphs	SCOPUS_ID:1842787456	10.1016/j.dam.2002.11.007	None	Conference Paper	32	2004-04-30	Discrete Applied Mathematics	None	[]	[]
Scopus	42f532e4b17f11ebb33f44af2806d069	incorporating genotyping uncertainty in haplotype inference for single nudealide polymorphisms	SCOPUS_ID:1542374065	10.1086/382284	None	Article	38	2004-01-01	American Journal of Human Genetics	None	[]	[]
Scopus	4418d952b17f11eb8fbb44af2806d069	genetic parameters and trends in the chilean multibreed dairy cattle population	SCOPUS_ID:3142603501	10.3168/jds.S0022-0302(04)73302-0	None	Article	13	2004-01-01	Journal of Dairy Science	None	[]	[]
Scopus	44e7b493b17f11ebbc8544af2806d069	estimated heterogeneity of phenotypic variance of test day yield with a structural variance model	SCOPUS_ID:3142577541	10.3168/jds.S0022-0302(04)73349-4	None	Article	16	2004-01-01	Journal of Dairy Science	None	[]	[]
Scopus	45f90c51b17f11ebbc2e44af2806d069	little loss of information due to unknown phase for fine scale linkage disequilibrium mapping with single nucleotide polymorphism genotype data	SCOPUS_ID:2342642816	10.1086/420773	None	Article	60	2004-01-01	American Journal of Human Genetics	None	[]	[]
Scopus	47af3afbb17f11eb9b3444af2806d069	operations and evaluation measures for learning possibilistic graphical models	SCOPUS_ID:0042630929	10.1016/S0004-3702(03)00024-9	None	Article	7	2003-08-01	Artificial Intelligence	None	[]	[]
Scopus	49781688b17f11ebae8d44af2806d069	highly accurate classification of watson crick basepairs on termini of single dna molecules	SCOPUS_ID:0037306228	10.1016/S0006-3495(03)74913-3	None	Article	71	2003-02-01	Biophysical Journal	None	[]	[]
Scopus	49fd9f36b17f11eb8d2044af2806d069	estimation of haplotype frequencieslinkage disequilibrium measuresand combination of haplotype copies in each pool by use of pooled dna data	SCOPUS_ID:0037320552	10.1086/346116	None	Article	49	2003-02-01	American Journal of Human Genetics	None	[]	[]
Scopus	4d7bef84b17f11eb9f4144af2806d069	inference on haplotype effects in case control studies using unphased genotype data	SCOPUS_ID:0344410771	10.1086/380204	None	Article	207	2003-01-01	American Journal of Human Genetics	None	[]	[]
Scopus	4f3c4883b17f11eba0d444af2806d069	association of neuregulin with schizophrenia confirmed in a scottish population	SCOPUS_ID:0037221589	10.1086/345442	None	Article	477	2003-01-01	American Journal of Human Genetics	None	[]	[]
Scopus	5400c0d7b17f11eba2fe44af2806d069	kalman filtering of a space time markov random field	SCOPUS_ID:0037032843	10.1016/S0895-7177(02)00269-8	None	Article	1	2002-12-06	Mathematical and Computer Modelling	None	[]	[]
Scopus	54df9570b17f11eb994344af2806d069	partition ligation expectation maximization algorithm for haplotype inference with single nucleotide polymorphisms [5]	SCOPUS_ID:0036844521	10.1086/344207	None	Letter	418	2002-11-01	American Journal of Human Genetics	None	[]	[]
Scopus	557f643eb17f11eba15044af2806d069	haplotype inference in random population samples	SCOPUS_ID:0036842635	10.1086/344347	None	Article	154	2002-11-01	American Journal of Human Genetics	None	[]	[]
Scopus	58c094dfb17f11eb983244af2806d069	bayesian haplotype inference for multiple linked single nucleotide polymorphisms	SCOPUS_ID:0036138183	10.1086/338446	None	Article	518	2002-01-01	American Journal of Human Genetics	None	[]	[]
Scopus	5a397435b17f11ebaad644af2806d069	interval and composite interval mapping of somatic cell scoreyieldand components of milk in dairy cattle	SCOPUS_ID:0036835912	10.3168/jds.S0022-0302(02)74395-6	None	Article	60	2002-01-01	Journal of Dairy Science	None	[]	[]
Scopus	5cbc0311b17f11ebb17944af2806d069	spatial pattern discovering by learning the isomorphic subgraph from multiple attributed relational graphs	SCOPUS_ID:18944393146	10.1016/S1571-0661(04)80981-2	None	Conference Paper	4	2001-01-01	Electronic Notes in Theoretical Computer Science	None	[]	[]
Scopus	5d368c4fb17f11ebb48f44af2806d069	multipoint genetic mapping with trisomy data	SCOPUS_ID:0035212168	10.1086/324578	None	Article	4	2001-01-01	American Journal of Human Genetics	None	[]	[]
Scopus	5e8ee752b17f11ebb26744af2806d069	quasi newton approach to nonnegative image restorations	SCOPUS_ID:0034371891	10.1016/S0024-3795(00)00116-6	None	Article	58	2000-09-01	Linear Algebra and Its Applications	None	[]	[]
Scopus	5efd2553b17f11ebbce444af2806d069	statistical learning formulation of the dna base calling problem and its solution in a bayesian em framework	SCOPUS_ID:0004441506	10.1016/S0166-218X(00)00192-X	None	Article	16	2000-08-15	Discrete Applied Mathematics	None	[]	[]
Scopus	6141cb6eb17f11ebbba044af2806d069	accuracy of haplotype frequency estimation for biallelic locivia the expectation maximization algorithm for unphased diploid genotype data	SCOPUS_ID:0033794938	10.1086/303069	None	Article	333	2000-01-01	American Journal of Human Genetics	None	[]	[]
Scopus	62523e44b17f11ebb71e44af2806d069	segregation analysis in shwachman diamond syndromeevidence for recessive inheritance	SCOPUS_ID:0033927869	10.1086/302856	None	Article	35	2000-01-01	American Journal of Human Genetics	None	[]	[]
Scopus	62c649acb17f11eb8e4044af2806d069	multipoint genetic mapping with uniparental disomy data	SCOPUS_ID:0033794830	10.1086/303072	None	Article	6	2000-01-01	American Journal of Human Genetics	None	[]	[]
Scopus	6346b38fb17f11eba8e944af2806d069	the accuracy of statistical methods for estimation of haplotype frequenciesan example from the cdlocus	SCOPUS_ID:0033855750	10.1086/303000	None	Article	100	2000-01-01	American Journal of Human Genetics	None	[]	[]
Scopus	63cb8af5b17f11ebb65944af2806d069	haplotypes at atm identify coding sequence variation and indicate a region of extensive linkage disequilibrium	SCOPUS_ID:0033658948	10.1086/316908	None	Article	52	2000-01-01	American Journal of Human Genetics	None	[]	[]
Scopus	65ab6c78b17f11ebbe6144af2806d069	estimation of (co)variance function coefficients for test day yield with a expectation maximization restricted maximum likelihood algorithm	SCOPUS_ID:22444455119	10.3168/jds.S0022-0302(99)75417-2	None	Article	31	1999-01-01	Journal of Dairy Science	None	[]	[]
Scopus	664897ffb17f11eba65944af2806d069	efficient ml estimation of the multivariate normal distribution from incomplete data	SCOPUS_ID:0001349994	10.1006/jmva.1998.1793	None	Article	20	1999-01-01	Journal of Multivariate Analysis	None	[]	[]
Scopus	66ba906cb17f11eb99fa44af2806d069	allowing for missing parents in genetic studies of case parent triads	SCOPUS_ID:0033362166	10.1086/302337	None	Article	163	1999-01-01	American Journal of Human Genetics	None	[]	[]
Scopus	675e11c8b17f11eb99c144af2806d069	use of multitrait evaluation procedures to improve reliability of early prediction of survival	SCOPUS_ID:22844456666	10.3168/jds.S0022-0302(99)75444-5	None	Article	4	1999-01-01	Journal of Dairy Science	None	[]	[]
Scopus	695afb15b17f11ebb2e344af2806d069	a log linear approach to case parent triad dataassessing effects of disease genes that act either directly or through maternal effects and that may be subject to parental imprinting	SCOPUS_ID:0031949066	10.1086/301802	None	Article	332	1998-01-01	American Journal of Human Genetics	None	[]	[]
Scopus	6ac03831b17f11ebb46f44af2806d069	exploratory analysis of speedup learning data using expectation maximization	SCOPUS_ID:0030213009	10.1016/0004-3702(95)00115-8	None	Article	0	1996-01-01	Artificial Intelligence	None	[]	[]
Scopus	6bf6d5c4b17f11ebb4f644af2806d069	relationships between clinical mastitissomatic cell scoreand production for the first three lactations of finnish ayrshire	SCOPUS_ID:0030179122	10.3168/jds.S0022-0302(96)76483-4	None	Article	134	1996-01-01	Journal of Dairy Science	None	[]	[]
Scopus	6cebfb4db17f11eb96fd44af2806d069	a method with low computing cost to approximate increments of determinants needed for derivative free restricted maximum likelihood	SCOPUS_ID:85024635033	10.3168/jds.S0022-0302(95)76679-6	None	Article	1	1995-01-01	Journal of Dairy Science	None	[]	[]
Scopus	6de92832b17f11ebb99f44af2806d069	restricted maximum likelihood estimation of variance components for univariate animal models using sparse matrix techniques and average information	SCOPUS_ID:77949354967	10.3168/jds.S0022-0302(95)76654-1	None	Article	227	1995-01-01	Journal of Dairy Science	None	[]	[]
Scopus	6eabab18b17f11eba96844af2806d069	approximation of estimates of (co)variance components with multiple trait restricted maximum likelihood by multiple diagonalization for more than one random effect	SCOPUS_ID:21844501533	10.3168/jds.S0022-0302(95)76811-4	None	Article	35	1995-01-01	Journal of Dairy Science	None	[]	[]
Scopus	6f6da92eb17f11eb8e4144af2806d069	statistical models of synaptic transmission evaluated using the expectation maximization algorithm	SCOPUS_ID:0027965477	10.1016/S0006-3495(94)80514-4	None	Article	33	1994-01-01	Biophysical Journal	None	[]	[]
Scopus	702ee29cb17f11ebb7ee44af2806d069	statistical analysis of synaptic transmissionmodel discrimination and confidence limits	SCOPUS_ID:0028074433	10.1016/S0006-3495(94)80513-2	None	Article	40	1994-01-01	Biophysical Journal	None	[]	[]
Scopus	70fc16f8b17f11eba53b44af2806d069	sparse matrix inversion for restricted maximum likelihood estimation of variance components by expectation maximization	SCOPUS_ID:21144460731	10.3168/jds.S0022-0302(93)77478-0	None	Article	42	1993-01-01	Journal of Dairy Science	None	[]	[]
Scopus	716f791ab17f11eb9ddc44af2806d069	a simple argument showing how to derive restricted maximum likelihood	SCOPUS_ID:21144479563	10.3168/jds.S0022-0302(93)77569-4	None	Article	7	1993-01-01	Journal of Dairy Science	None	[]	[]
Scopus	72ba3c0bb17f11eb816c44af2806d069	estimation of the parameters involved in a first order autoregressive process for contemporary groups	SCOPUS_ID:21344478497	10.3168/jds.S0022-0302(93)77643-2	None	Article	16	1993-01-01	Journal of Dairy Science	None	[]	[]
Scopus	73371c6eb17f11eb972044af2806d069	genetic parameters of italian brown swiss for levels of herd yield	SCOPUS_ID:0027691828	10.3168/jds.S0022-0302(93)77699-7	None	Article	11	1993-01-01	Journal of Dairy Science	None	[]	[]
Scopus	74718d91b17f11eb800744af2806d069	estimation of heterogeneous variances using empirical bayes methodstheoretical considerations	SCOPUS_ID:0026939156	10.3168/jds.S0022-0302(92)78044-8	None	Article	36	1992-01-01	Journal of Dairy Science	None	[]	[]
Scopus	755366fab17f11eb856b44af2806d069	genetic parameters for yield traits of holsteinsincluding lactose and somatic cell score	SCOPUS_ID:0026858589	10.3168/jds.S0022-0302(92)77885-0	None	Article	94	1992-01-01	Journal of Dairy Science	None	[]	[]
Scopus	75d5993bb17f11ebb81944af2806d069	multiple trait estimation of variance components of yield and type traits using an animal model	SCOPUS_ID:85025760615	10.3168/jds.S0022-0302(92)77791-1	None	Article	114	1992-01-01	Journal of Dairy Science	None	[]	[]
Scopus	769db4acb17f11ebaaa544af2806d069	derivative free restricted maximum likelihood estimation in animal models with a sparse matrix solver	SCOPUS_ID:0026309136	10.3168/jds.S0022-0302(91)78629-3	None	Article	65	1991-01-01	Journal of Dairy Science	None	[]	[]
Scopus	771fd629b17f11ebaae344af2806d069	relationship of fertility to milk yield in swedish cattle	SCOPUS_ID:0025984639	10.3168/jds.S0022-0302(91)78169-1	None	Article	69	1991-01-01	Journal of Dairy Science	None	[]	[]
Scopus	77aa9b0cb17f11eb8df644af2806d069	simulation study on covariance component estimation for two binary traits in an underlying continuous scale	SCOPUS_ID:0026109698	10.3168/jds.S0022-0302(91)78205-2	None	Article	47	1991-01-01	Journal of Dairy Science	None	[]	[]
Scopus	78ba3e0fb17f11ebbff844af2806d069	a note on multiple solutions in multivariate restricted maximum likelihood covariance component estimation	SCOPUS_ID:4544254997	10.3168/jds.S0022-0302(90)78902-3	None	Article	10	1990-01-01	Journal of Dairy Science	None	[]	[]
Scopus	793478c2b17f11eb994e44af2806d069	property of trace in restricted maximum likelihood estimation of variance components	SCOPUS_ID:85025784558	10.3168/jds.S0022-0302(90)79059-5	None	Article	2	1990-01-01	Journal of Dairy Science	None	[]	[]
Scopus	79d6cc4ab17f11eb837844af2806d069	heterogeneity of (co)variance and heritabitity in different levels of intraherd milk production variance and of herd average	SCOPUS_ID:84959205947	10.3168/jds.S0022-0302(90)78738-3	None	Article	49	1990-01-01	Journal of Dairy Science	None	[]	[]
Scopus	7a58fcb8b17f11ebad9844af2806d069	correlations among first and second lactation milk yield and calving interval	SCOPUS_ID:0024697299	10.3168/jds.S0022-0302(89)79313-9	None	Article	26	1989-01-01	Journal of Dairy Science	None	[]	[]
Scopus	7b167b10b17f11ebbcc544af2806d069	estimation of genetic parameters for production and reproduction in finnish ayrshire cattle	SCOPUS_ID:0024728848	10.3168/jds.S0022-0302(89)79370-X	None	Article	29	1989-01-01	Journal of Dairy Science	None	[]	[]
Scopus	7beb2f2db17f11ebb41244af2806d069	genetic parameters of estimated net energy efficiencies for milk productionmaintenanceand body weight change in dairy cows	SCOPUS_ID:0024634798	10.3168/jds.S0022-0302(89)79158-X	None	Article	21	1989-01-01	Journal of Dairy Science	None	[]	[]
Scopus	7c74c2a2b17f11ebba8b44af2806d069	genetic and environmental parameters associated with linearized type appraisal scores	SCOPUS_ID:0000869948	10.3168/jds.S0022-0302(88)79868-9	None	Article	20	1988-01-01	Journal of Dairy Science	None	[]	[]
Scopus	7cf55235b17f11ebb3ac44af2806d069	estimation of genetic (covariances for milk yield in first three lactations using an animal model and restricted maximum likelihood	SCOPUS_ID:0023318423	10.3168/jds.S0022-0302(87)80082-6	None	Article	41	1987-01-01	Journal of Dairy Science	None	[]	[]
Scopus	7d932752b17f11eb8c5444af2806d069	genetic parameters for first lactation milk yields at three levels of herd production	SCOPUS_ID:0023373168	10.3168/jds.S0022-0302(87)80166-2	None	Article	63	1987-01-01	Journal of Dairy Science	None	[]	[]
Scopus	7e51e5bfb17f11eb92cd44af2806d069	between algorithmsa â€œshort cutrestricted maximum likelihood procedure to estimate variance components	SCOPUS_ID:84889152897	10.3168/jds.S0022-0302(86)80617-8	None	Article	15	1986-01-01	Journal of Dairy Science	None	[]	[]
Scopus	7ee28d38b17f11ebaa1e44af2806d069	estimation of variance components by the expectation maximization algorithm for restricted maximum likelihood in a repeatability model for semen production	SCOPUS_ID:0346556062	10.3168/jds.S0022-0302(85)81189-9	None	Article	10	1985-01-01	Journal of Dairy Science	None	[]	[]
Scopus	8003ae03b17f11eb86ed44af2806d069	robustness of the restricted maximum likelihood estimator derived under normality as applied to data with skewed distributions	SCOPUS_ID:0001052810	10.3168/jds.S0022-0302(85)81028-6	None	Article	30	1985-01-01	Journal of Dairy Science	None	[]	[]
Scopus	807f6f6fb17f11eb95ed44af2806d069	estimation of variances and covariances under multiple trait models	SCOPUS_ID:0040845224	10.3168/jds.S0022-0302(84)81480-0	None	Article	53	1984-01-01	Journal of Dairy Science	None	[]	[]
