Scopus	c148c132b17b11eba19c44af2806d069	updating the models and uncertainty of mechanical parameters for rock tunnels using bayesian inference	SCOPUS_ID:85104358902	10.1016/j.gsf.2021.101198	None	Article	0	2021-09-01	Geoscience Frontiers	None	[]	[]
Scopus	c26c3d5ab17b11eba09c44af2806d069	predicting for disease resistance in aquaculture species using machine learning models	SCOPUS_ID:85102360084	10.1016/j.aqrep.2021.100660	None	Article	0	2021-07-01	Aquaculture Reports	None	[]	[]
Scopus	c4b6818fb17b11eba7b144af2806d069	cu msdspa flexible parallelized reversible jump markov chain monte carlo method	SCOPUS_ID:85100997951	10.1016/j.softx.2021.100664	None	Article	0	2021-06-01	SoftwareX	None	[]	[]
Scopus	c5f886dfb17b11eba47e44af2806d069	modelling the early phase of the belgian covid 1epidemic using a stochastic compartmental model and studying its implied future trajectories	SCOPUS_ID:85103386931	10.1016/j.epidem.2021.100449	None	Article	0	2021-06-01	Epidemics	None	[]	[]
Scopus	c6e946b2b17b11ebb3b444af2806d069	illustration of missing data handling technique generated from hepatitis c induced hepatocellular carcinoma cohort study	SCOPUS_ID:85103775939	10.1016/j.jksus.2021.101403	None	Review	0	2021-06-01	Journal of King Saud University - Science	None	[]	[]
Scopus	c77f2ce8b17b11ebae0744af2806d069	competition between rsv and influenzalimits of modelling inference from surveillance data	SCOPUS_ID:85103791079	10.1016/j.epidem.2021.100460	None	Article	0	2021-06-01	Epidemics	None	[]	[]
Scopus	c8a1b0fbb17b11ebb30044af2806d069	reliability estimation of mechanical seals based on bivariate dependence analysis and considering model uncertainty	SCOPUS_ID:85101589438	10.1016/j.cja.2020.12.001	None	Article	0	2021-05-01	Chinese Journal of Aeronautics	None	[]	[]
Scopus	c94a94edb17b11ebb3c544af2806d069	a new extension of state space sir model to account for underreporting an application to the covid 1transmission in california and florida	SCOPUS_ID:85104663576	10.1016/j.rinp.2021.104182	None	Article	0	2021-05-01	Results in Physics	None	[]	[]
Scopus	cc35b569b17b11ebb2be44af2806d069	observational constraints on attractor inflationary models with a higgs like potential	SCOPUS_ID:85101340648	10.1016/j.physletb.2021.136156	None	Article	0	2021-04-10	Physics Letters, Section B: Nuclear, Elementary Particle and High-Energy Physics	None	[]	[]
Scopus	cd0e4d9cb17b11ebab4044af2806d069	a new extended rayleigh distribution with applications of covid 1data	SCOPUS_ID:85103086764	10.1016/j.rinp.2021.104012	None	Article	0	2021-04-01	Results in Physics	None	[]	[]
Scopus	d0595feab17b11eb961b44af2806d069	bayesian population physiologically based pharmacokinetic model for robustness evaluation of withdrawal time in tilapia aquaculture administrated to florfenicol	SCOPUS_ID:85098731017	10.1016/j.ecoenv.2020.111867	None	Article	0	2021-03-01	Ecotoxicology and Environmental Safety	None	[]	[]
Scopus	d109d454b17b11ebbaaa44af2806d069	how many sampling points are needed to estimate the mean nitrate n content of agricultural fieldsa geostatistical simulation approach with uncertain variograms	SCOPUS_ID:85096852402	10.1016/j.geoderma.2020.114816	None	Article	2	2021-03-01	Geoderma	None	[]	[]
Scopus	d2035e26b17b11eb856c44af2806d069	a model for policy interest rates	SCOPUS_ID:85099621958	10.1016/j.jedc.2020.104049	None	Article	0	2021-03-01	Journal of Economic Dynamics and Control	None	[]	[]
Scopus	d7c12e56b17b11ebb19444af2806d069	copula based common cause failure models with bayesian inferences	SCOPUS_ID:85089970108	10.1016/j.net.2020.08.014	None	Article	0	2021-02-01	Nuclear Engineering and Technology	None	[]	[]
Scopus	dbf689c3b17b11ebab6a44af2806d069	reliability analysis of distribution transformer with bayesian mixture and cox regression approach	SCOPUS_ID:85101741109	10.1016/j.procs.2021.01.010	None	Conference Paper	0	2021-01-01	Procedia Computer Science	None	[]	[]
Scopus	e02e68bab17b11eb874244af2806d069	regional covid 1registry in khuzestanirana study protocol and lessons learned from a pilot implementation	SCOPUS_ID:85101041211	10.1016/j.imu.2021.100520	None	Article	0	2021-01-01	Informatics in Medicine Unlocked	None	[]	[]
Scopus	e3111659b17b11eb812b44af2806d069	strain monitoring based bridge reliability assessment using parametric bayesian mixture model	SCOPUS_ID:85094126424	10.1016/j.engstruct.2020.111406	None	Article	1	2021-01-01	Engineering Structures	None	[]	[]
Scopus	f3a105d7b17b11eb859844af2806d069	joint association analysis method to dissect complex genetic architecture of multiple genetically related traits	SCOPUS_ID:85090868441	10.1016/j.cj.2020.06.007	None	Article	1	2020-10-01	Crop Journal	None	[]	[]
Scopus	f554c1e9b17b11ebbc9244af2806d069	dataset on the epidemiology and genetic diversification of dengue virus (denvserotypes and genotypes in mexico	SCOPUS_ID:85086467049	10.1016/j.dib.2020.106077	None	None	1	2020-10-01	Data in Brief	None	[]	[]
Scopus	fca43455b17b11ebacc544af2806d069	modeling the control of tgf β/smad nuclear accumulation by the hippo pathway effectorstaz/yap	SCOPUS_ID:85089340937	10.1016/j.isci.2020.101416	None	Article	1	2020-08-21	iScience	None	[]	[]
Scopus	ffee1d52b17b11ebadc044af2806d069	data cloningmaximum likelihood estimation of dsge models	SCOPUS_ID:85088361629	10.1016/j.rinam.2020.100121	None	Article	0	2020-08-01	Results in Applied Mathematics	None	[]	[]
Scopus	03528a7cb17c11eba9ab44af2806d069	application of qmra to mar operations for safe agricultural water reuses in coastal areas	SCOPUS_ID:85089851166	10.1016/j.wroa.2020.100062	None	Article	1	2020-08-01	Water Research X	None	[]	[]
Scopus	0cf04db9b17c11ebb04e44af2806d069	will the locals benefit?the effect of wind power investments on rural wages	SCOPUS_ID:85083045909	10.1016/j.enpol.2020.111489	None	Article	1	2020-07-01	Energy Policy	None	[]	[]
Scopus	10569c48b17c11eb80ea44af2806d069	evolutionary dynamics of influenza b strains detected from paediatric acute respiratory infections in central vietnam	SCOPUS_ID:85081229354	10.1016/j.meegid.2020.104264	None	Article	1	2020-07-01	Infection, Genetics and Evolution	None	[]	[]
Scopus	11db2534b17c11eb9e7244af2806d069	the popularity spectrum applied to a cross cultural question	SCOPUS_ID:85074531091	10.1016/j.tpb.2019.10.003	None	Article	2	2020-06-01	Theoretical Population Biology	None	[]	[]
Scopus	143331cdb17c11ebaff444af2806d069	estimations with step stress partially accelerated life tests for competing risks burr xii lifetime model under type ii censored data	SCOPUS_ID:85079872515	10.1016/j.aej.2020.01.022	None	Article	0	2020-06-01	Alexandria Engineering Journal	None	[]	[]
Scopus	14d7f37eb17c11eb9c0e44af2806d069	bivariate lifetime models in presence of cure fractiona comparative study with many different copula functions	SCOPUS_ID:85086124647	10.1016/j.heliyon.2020.e03961	None	Article	0	2020-06-01	Heliyon	None	[]	[]
Scopus	16624939b17c11ebac7f44af2806d069	price volatility in the carbon market in china	SCOPUS_ID:85078269094	10.1016/j.jclepro.2020.120171	None	Article	5	2020-05-10	Journal of Cleaner Production	None	[]	[]
Scopus	1fa693ceb17c11eb8f3c44af2806d069	association between proximity to industrial chemical installations and cancer mortality in spain	SCOPUS_ID:85078133406	10.1016/j.envpol.2019.113869	None	Article	3	2020-05-01	Environmental Pollution	None	[]	[]
Scopus	20f5774eb17c11eb913d44af2806d069	mcmc methods applied to the reconstruction of the autumn 201ruthenium 10atmospheric contamination source	SCOPUS_ID:85084364161	10.1016/j.aeaoa.2020.100071	None	Article	1	2020-04-01	Atmospheric Environment: X	None	[]	[]
Scopus	237f95d9b17c11ebb5e844af2806d069	mixtures of peaked power batschelet distributions for circular data with application to saccade directions	SCOPUS_ID:85078659812	10.1016/j.jmp.2019.102309	None	Article	0	2020-04-01	Journal of Mathematical Psychology	None	[]	[]
Scopus	2bca1688b17c11ebb21f44af2806d069	transmission of and susceptibility to seasonal influenza in switzerland from 200to 2015	SCOPUS_ID:85082145780	10.1016/j.epidem.2019.100373	None	Article	2	2020-03-01	Epidemics	None	[]	[]
Scopus	2e093e20b17c11eb9e8544af2806d069	does online access promote research in developing countriesempirical evidence from article level data	SCOPUS_ID:85078186106	10.1016/j.respol.2019.103886	None	Article	2	2020-03-01	Research Policy	None	[]	[]
Scopus	302720b3b17c11eb9a4544af2806d069	markov chain monte carlo inversion of mantle temperature and source compositionwith application to reykjanes peninsulaiceland	SCOPUS_ID:85076567267	10.1016/j.epsl.2019.116007	None	Article	4	2020-02-15	Earth and Planetary Science Letters	None	[]	[]
Scopus	3141641bb17c11eb879544af2806d069	conceptual hydrological model calibration using multi objective optimization techniques over the transboundary komadugu yobe basinlake chad areawest africa	SCOPUS_ID:85076253135	10.1016/j.ejrh.2019.100655	None	Article	4	2020-02-01	Journal of Hydrology: Regional Studies	None	[]	[]
Scopus	3bb8161ab17c11ebbd6044af2806d069	bayesian inference for dynamical systems	SCOPUS_ID:85078140702	10.1016/j.idm.2019.12.007	None	Article	3	2020-01-01	Infectious Disease Modelling	None	[]	[]
Scopus	43772472b17c11eb8e2d44af2806d069	bayesian analysis for social dataa step by step protocol and interpretation	SCOPUS_ID:85085269911	10.1016/j.mex.2020.100924	None	Article	5	2020-01-01	MethodsX	None	[]	[]
Scopus	44cac6b7b17c11eb8ddc44af2806d069	a monte carlo framework for missing wedge restoration and noise removal in cryo electron tomography	SCOPUS_ID:85076492658	10.1016/j.yjsbx.2019.100013	None	Article	2	2020-01-01	Journal of Structural Biology: X	None	[]	[]
Scopus	482d36c0b17c11ebb2e444af2806d069	uncertainty quantification for polymer micromilling force models using bayesian inference	SCOPUS_ID:85094891713	10.1016/j.promfg.2020.05.089	None	Conference Paper	0	2020-01-01	Procedia Manufacturing	None	[]	[]
Scopus	48d2e058b17c11ebbfe544af2806d069	bayesian time–frequency analysis of the vehicle–bridge dynamic interaction effect on simple supported resonant railway bridges	SCOPUS_ID:85072564121	10.1016/j.ymssp.2019.106373	None	Article	8	2020-01-01	Mechanical Systems and Signal Processing	None	[]	[]
Scopus	4bcf0f8eb17c11ebaa8444af2806d069	a simulation study on the pattern of speed reduction markings affecting driver's speed choice before curve entry	SCOPUS_ID:85092193519	10.1016/j.trpro.2020.08.154	None	Conference Paper	0	2020-01-01	Transportation Research Procedia	None	[]	[]
Scopus	4cf003b1b17c11eba92844af2806d069	process mechanics based uncertainty modeling for cutting force prediction in high speed micromilling of ti6al4v	SCOPUS_ID:85095127092	10.1016/j.promfg.2020.05.048	None	Conference Paper	0	2020-01-01	Procedia Manufacturing	None	[]	[]
Scopus	50dba2f0b17c11ebb15244af2806d069	amount of escape estimation based on bayesian and mcmc approaches for rna interference	SCOPUS_ID:85074978327	10.1016/j.omtn.2019.10.010	None	Article	2	2019-12-06	Molecular Therapy - Nucleic Acids	None	[]	[]
Scopus	519fed4ab17c11ebbad644af2806d069	minimizing transmission loss using inspired ant colony optimization and markov chain monte carlo in underwater wsn environment	SCOPUS_ID:85085048497	10.1016/j.joes.2019.05.007	None	Article	1	2019-12-01	Journal of Ocean Engineering and Science	None	[]	[]
Scopus	53a49852b17c11ebb23d44af2806d069	desirable bugs in models of infectious diseases	SCOPUS_ID:85074418572	10.1016/j.epidem.2019.100361	None	Article	1	2019-12-01	Epidemics	None	[]	[]
Scopus	57f6e530b17c11eb945744af2806d069	local and regional flood frequency analysis based on hierarchical bayesian model in dongting lake basinchina	SCOPUS_ID:85076825147	10.1016/j.wse.2019.12.001	None	Article	5	2019-12-01	Water Science and Engineering	None	[]	[]
Scopus	5dbb8340b17c11ebbd1544af2806d069	erratumcorrecting the mean variance dependency for differential variability testing using single cell rna sequencing data (cell systems (20187(3(284–294.e12)(s2405471218302783)(10.1016/j.cels.2018.06.011))	SCOPUS_ID:85073666017	10.1016/j.cels.2019.08.003	None	Erratum	0	2019-10-23	Cell Systems	None	[]	[]
Scopus	61d9d0e0b17c11eb8e7a44af2806d069	connecting pm and map in bayesian spectral deconvolution by extending exchange monte carlo method and using multiple data sets	SCOPUS_ID:85068231475	10.1016/j.neunet.2019.05.004	None	Article	0	2019-10-01	Neural Networks	None	[]	[]
Scopus	626ba728b17c11eb934344af2806d069	anomalous triple gauge boson couplings in zz production at the lhc and the role of z boson polarizations	SCOPUS_ID:85071992653	10.1016/j.nuclphysb.2019.114754	None	Article	4	2019-10-01	Nuclear Physics B	None	[]	[]
Scopus	67df0c98b17c11eba70144af2806d069	forecasting explosion repose intervals with a non parametric bayesian survival modelapplication to sakura jima volcanojapan	SCOPUS_ID:85067038671	10.1016/j.jvolgeores.2019.04.008	None	Article	4	2019-09-01	Journal of Volcanology and Geothermal Research	None	[]	[]
Scopus	698ebc90b17c11ebb0da44af2806d069	bayesian evaluation of a physiologically based pharmacokinetic (pbpkmodel for perfluorooctane sulfonate (pfosto characterize the interspecies uncertainty between miceratsmonkeysand humansdevelopment and performance verification	SCOPUS_ID:85065132961	10.1016/j.envint.2019.03.058	None	Article	10	2019-08-01	Environment International	None	[]	[]
Scopus	6d79b00ab17c11eb8ebc44af2806d069	atypical influenza a(h1n1)pdm0strains caused an influenza virus outbreak in saudi arabia during the 2009–201pandemic season	SCOPUS_ID:85061779533	10.1016/j.jiph.2019.01.067	None	Article	2	2019-07-01	Journal of Infection and Public Health	None	[]	[]
Scopus	72ce438bb17c11ebad7b44af2806d069	slope reliability and back analysis of failure with geotechnical parameters estimated using bayesian inference	SCOPUS_ID:85062303452	10.1016/j.jrmge.2018.11.008	None	Article	13	2019-06-01	Journal of Rock Mechanics and Geotechnical Engineering	None	[]	[]
Scopus	73cd67c8b17c11eb947644af2806d069	improving confidence in ferromanganese crust age modelsa composite geochemical approach	SCOPUS_ID:85062921460	10.1016/j.chemgeo.2019.03.003	None	Article	12	2019-05-20	Chemical Geology	None	[]	[]
Scopus	7732c3bcb17c11eb8ff244af2806d069	occupied with classificationwhich occupational classification scheme better predicts health outcomes?	SCOPUS_ID:85053919307	10.1016/j.socscimed.2018.09.020	None	Article	6	2019-04-01	Social Science and Medicine	None	[]	[]
Scopus	80cefd5eb17c11eba86144af2806d069	mexitmaximal un coupling times for stochastic processes	SCOPUS_ID:85046164555	10.1016/j.spa.2018.03.001	None	Article	1	2019-02-01	Stochastic Processes and their Applications	None	[]	[]
Scopus	8a3c60d9b17c11eb8cd144af2806d069	bayesian forecasting for time series of count data	SCOPUS_ID:85073106684	10.1016/j.procs.2019.08.235	None	Conference Paper	2	2019-01-01	Procedia Computer Science	None	[]	[]
Scopus	8fcb9d95b17c11eb89db44af2806d069	additive bayes spatio temporal model with inla for west java rainfall prediction	SCOPUS_ID:85073101452	10.1016/j.procs.2019.08.233	None	Conference Paper	2	2019-01-01	Procedia Computer Science	None	[]	[]
Scopus	910a5e7cb17c11ebb7de44af2806d069	a mathematical modelling study of hiv infection in two heterosexual age groups in kenya	SCOPUS_ID:85070423906	10.1016/j.idm.2019.04.003	None	Article	7	2019-01-01	Infectious Disease Modelling	None	[]	[]
Scopus	924e3ad6b17c11eb9b2344af2806d069	comparison of markov chain monte carlo software for the evolutionary analysis of y chromosomal microsatellite data	SCOPUS_ID:85070333361	10.1016/j.csbj.2019.07.014	None	Article	0	2019-01-01	Computational and Structural Biotechnology Journal	None	[]	[]
Scopus	9f7b914db17c11ebaa2c44af2806d069	bayesian emulation and calibration of an individual based model of microbial communities	SCOPUS_ID:85059244141	10.1016/j.jocs.2018.12.007	None	Article	4	2019-01-01	Journal of Computational Science	None	[]	[]
Scopus	a0a7a4a0b17c11eb933d44af2806d069	inferring neighbourhood quality with property transaction records by using a locally adaptive spatial multi level model	SCOPUS_ID:85053935382	10.1016/j.compenvurbsys.2018.09.003	None	Article	7	2019-01-01	Computers, Environment and Urban Systems	None	[]	[]
Scopus	abac604bb17c11eb9c1a44af2806d069	using serological studies to reconstruct the history of bluetongue epidemic in french cattle under successive vaccination campaigns	SCOPUS_ID:85047402955	10.1016/j.epidem.2018.05.005	None	Article	3	2018-12-01	Epidemics	None	[]	[]
Scopus	b0fd2445b17c11eb89be44af2806d069	variational bayesian inversion for hierarchical unsupervised generative embedding (huge)	SCOPUS_ID:85049460748	10.1016/j.neuroimage.2018.06.073	None	Article	3	2018-10-01	NeuroImage	None	[]	[]
Scopus	b1e61b4db17c11ebbcfb44af2806d069	uncertainty quantification for multivariate eco hydrological risk in the xiangxi river within the three gorges reservoir area in china	SCOPUS_ID:85054458087	10.1016/j.eng.2018.06.006	None	Article	5	2018-10-01	Engineering	None	[]	[]
Scopus	b34d8f2bb17c11eb9ed344af2806d069	worldwide phylogeny of three spined sticklebacks	SCOPUS_ID:85049754040	10.1016/j.ympev.2018.06.008	None	Article	17	2018-10-01	Molecular Phylogenetics and Evolution	None	[]	[]
Scopus	b41457b2b17c11eb9c9d44af2806d069	fast sampling from wiener posteriors for image data with dataflow engines	SCOPUS_ID:85055870609	10.1016/j.ascom.2018.10.001	None	Article	1	2018-10-01	Astronomy and Computing	None	[]	[]
Scopus	b4d23ea1b17c11ebabd044af2806d069	calibration of forest <sup>137</sup>cs cycling model ”forothcsvia approximate bayesian computation based on year observations from plantation forests in fukushima	SCOPUS_ID:85053180117	10.1016/j.jenvrad.2018.09.002	None	Article	8	2018-10-01	Journal of Environmental Radioactivity	None	[]	[]
Scopus	b985a1bbb17c11ebb6f144af2806d069	multi subject hierarchical inverse covariance modelling improves estimation of functional brain networks	SCOPUS_ID:85048510824	10.1016/j.neuroimage.2018.04.077	None	Article	6	2018-09-01	NeuroImage	None	[]	[]
Scopus	bf13f52bb17c11ebb1d344af2806d069	network meta analysis of diagnostic test accuracy studies identifies and ranks the optimal diagnostic tests and thresholds for health care policy and decision making	SCOPUS_ID:85044948118	10.1016/j.jclinepi.2018.03.005	None	Article	13	2018-07-01	Journal of Clinical Epidemiology	None	[]	[]
Scopus	c9baeabab17c11eb970544af2806d069	meta analyses of the sensitivity and specificity of ante mortem and post mortem diagnostic tests for bovine tuberculosis in the uk and ireland	SCOPUS_ID:85017168674	10.1016/j.prevetmed.2017.02.017	None	Article	52	2018-05-01	Preventive Veterinary Medicine	None	[]	[]
Scopus	cb137fe8b17c11ebb77b44af2806d069	bayesian estimation of the lethargy coefficient for probabilistic fatigue life model	SCOPUS_ID:85044143240	10.1016/j.jcde.2017.10.002	None	Article	8	2018-04-01	Journal of Computational Design and Engineering	None	[]	[]
Scopus	ce2e75e0b17c11eb8cb044af2806d069	high resolution age structured mapping of childhood vaccination coverage in low and middle income countries	SCOPUS_ID:85041898922	10.1016/j.vaccine.2018.02.020	None	Article	29	2018-03-14	Vaccine	None	[]	[]
Scopus	d07645a3b17c11eb8c5344af2806d069	a simple approach to measure transmissibility and forecast incidence	SCOPUS_ID:85016029141	10.1016/j.epidem.2017.02.012	None	Article	22	2018-03-01	Epidemics	None	[]	[]
Scopus	df890632b17c11eba5fe44af2806d069	a bayesian approach for integrating multilevel priors and data for aerospace system reliability assessment	SCOPUS_ID:85039935372	10.1016/j.cja.2017.08.020	None	Article	21	2018-01-01	Chinese Journal of Aeronautics	None	[]	[]
Scopus	e3ddb969b17c11eb912c44af2806d069	probabilistic prediction of cutting and ploughing forces using extended kienzle force model in orthogonal turning process	SCOPUS_ID:85057422167	10.1016/j.procir.2018.08.228	None	Conference Paper	3	2018-01-01	Procedia CIRP	None	[]	[]
Scopus	eb62b70db17c11eb8f9b44af2806d069	why lipostatic set point systems are unlikely to evolve	SCOPUS_ID:85033388114	10.1016/j.molmet.2017.10.007	None	Article	4	2018-01-01	Molecular Metabolism	None	[]	[]
Scopus	ed198679b17c11ebba8b44af2806d069	spatio temporal poverty analysis with inla in hierarchical bayes ecological regression	SCOPUS_ID:85053155539	10.1016/j.procs.2018.08.180	None	Conference Paper	2	2018-01-01	Procedia Computer Science	None	[]	[]
Scopus	efcaa356b17c11ebaa5544af2806d069	hurricane evacuation modeling using behavior models and scenario driven agent based simulations	SCOPUS_ID:85051263570	10.1016/j.procs.2018.04.074	None	Conference Paper	11	2018-01-01	Procedia Computer Science	None	[]	[]
Scopus	f4a241adb17c11eb949944af2806d069	a dirichlet form approach to mcmc optimal scaling	SCOPUS_ID:85018780278	10.1016/j.spa.2017.03.021	None	Article	3	2017-12-01	Stochastic Processes and their Applications	None	[]	[]
Scopus	f7110849b17c11ebad2844af2806d069	mathematical modeling of ovine footrot in the ukthe effect of dichelobacter nodosus and fusobacterium necrophorum on the disease dynamics	SCOPUS_ID:85018247682	10.1016/j.epidem.2017.04.001	None	Article	3	2017-12-01	Epidemics	None	[]	[]
Scopus	fa5603e0b17c11eba77a44af2806d069	ricci–ollivier curvature of the rooted phylogenetic subtree–prune–regraft graph	SCOPUS_ID:85014102905	10.1016/j.tcs.2017.02.006	None	Article	6	2017-11-07	Theoretical Computer Science	None	[]	[]
Scopus	ffbae7c3b17c11eba41644af2806d069	a scalable bayesian method for integrating functional information in genome wide association studies	SCOPUS_ID:85028057012	10.1016/j.ajhg.2017.08.002	None	Article	26	2017-09-07	American Journal of Human Genetics	None	[]	[]
Scopus	0245b61cb17d11eb93cd44af2806d069	comparison between generalized linear modelling and additive bayesian networkidentification of factors associated with the incidence of antibodies against leptospira interrogans sv pomona in meat workers in new zealand	SCOPUS_ID:85021688191	10.1016/j.actatropica.2017.04.034	None	Article	19	2017-09-01	Acta Tropica	None	[]	[]
Scopus	0fe2a320b17d11ebb0e044af2806d069	geometric mcmc for infinite dimensional inverse problems	SCOPUS_ID:85012293304	10.1016/j.jcp.2016.12.041	None	Article	33	2017-04-15	Journal of Computational Physics	None	[]	[]
Scopus	11ef0cadb17d11ebb67544af2806d069	bayesian principal component regression model with spatial effects for forest inventory variables under small field sample size	SCOPUS_ID:85012050923	10.1016/j.rse.2017.01.035	None	Article	6	2017-04-01	Remote Sensing of Environment	None	[]	[]
Scopus	126125d3b17d11eba7ed44af2806d069	particle mcmc algorithms and architectures for accelerating inference in state space models	SCOPUS_ID:85007062135	10.1016/j.ijar.2016.10.011	None	Article	11	2017-04-01	International Journal of Approximate Reasoning	None	[]	[]
Scopus	1a4211b0b17d11ebbee544af2806d069	an adaptive surrogate modeling based sampling strategy for parameter optimization and distribution estimation (asmo pode)	SCOPUS_ID:85020892481	10.1016/j.envsoft.2017.05.005	None	Article	18	2017-01-01	Environmental Modelling and Software	None	[]	[]
Scopus	1b48bd71b17d11ebb74d44af2806d069	nonparametric adaptive bayesian regression using priors with tractable normalizing constants and under qualitative assumptions	SCOPUS_ID:84991277481	10.1016/j.ijar.2016.09.011	None	Article	1	2017-01-01	International Journal of Approximate Reasoning	None	[]	[]
Scopus	1ca7105db17d11eb86fa44af2806d069	inferring left behind passengers in congested metro systems from automated data	SCOPUS_ID:85020490670	10.1016/j.trpro.2017.05.021	None	Conference Paper	15	2017-01-01	Transportation Research Procedia	None	[]	[]
Scopus	207ebb96b17d11eb943844af2806d069	characterization of the thermal structure of different building constructions using in situ measurements and bayesian analysis	SCOPUS_ID:85033361751	10.1016/j.egypro.2017.09.723	None	Conference Paper	1	2017-01-01	Energy Procedia	None	[]	[]
Scopus	21da97c3b17d11ebb7ef44af2806d069	bayesian calibration of mechanical parameters of high speed train suspensions	SCOPUS_ID:85029906808	10.1016/j.proeng.2017.09.257	None	Conference Paper	0	2017-01-01	Procedia Engineering	None	[]	[]
Scopus	235d86b3b17d11eb9b4444af2806d069	generating macroscopicpurpose dependent trips through monte carlo sampling techniques	SCOPUS_ID:85039958741	10.1016/j.trpro.2017.12.111	None	Conference Paper	4	2017-01-01	Transportation Research Procedia	None	[]	[]
Scopus	250c6b5bb17d11eba9c944af2806d069	mathematical modelinganalysis and markov chain monte carlo simulation of ebola epidemics	SCOPUS_ID:85014066344	10.1016/j.rinp.2017.02.005	None	Article	4	2017-01-01	Results in Physics	None	[]	[]
Scopus	260d4d42b17d11eb90f544af2806d069	a bayesian approach for population pharmacokinetic modeling of alcohol in japanese individuals	SCOPUS_ID:85019409058	10.1016/j.curtheres.2017.04.001	None	Article	1	2017-01-01	Current Therapeutic Research - Clinical and Experimental	None	[]	[]
Scopus	2c8a8bcbb17d11eb89ad44af2806d069	quantifying the cross correlation between effective cohesion and friction angle of soil from limited site specific data	SCOPUS_ID:85007504328	10.1016/j.sandf.2016.11.009	None	Article	29	2016-12-01	Soils and Foundations	None	[]	[]
Scopus	32943cd1b17d11eb8b3444af2806d069	probabilistic abductive logic programming using dirichlet priors	SCOPUS_ID:84980322260	10.1016/j.ijar.2016.07.001	None	Article	7	2016-11-01	International Journal of Approximate Reasoning	None	[]	[]
Scopus	38dc0404b17d11eb968e44af2806d069	a bayesian approach to quantifying uncertainty from experimental noise in deer spectroscopy	SCOPUS_ID:84978148529	10.1016/j.jmr.2016.06.021	None	Article	38	2016-09-01	Journal of Magnetic Resonance	None	[]	[]
Scopus	40e73038b17d11ebb8be44af2806d069	mcmc for ion channel sojourn time dataa good proposal	SCOPUS_ID:84979623324	10.1016/j.bpj.2016.02.042	None	Short Survey	0	2016-07-26	Biophysical Journal	None	[]	[]
Scopus	4ada026fb17d11ebac7744af2806d069	painfree and accurate bayesian estimation of psychometric functions for (potentiallyoverdispersed data	SCOPUS_ID:84964681262	10.1016/j.visres.2016.02.002	None	Article	104	2016-05-01	Vision Research	None	[]	[]
Scopus	5252760ab17d11ebb09544af2806d069	on oracle property and asymptotic validity of bayesian generalized method of moments	SCOPUS_ID:84954229302	10.1016/j.jmva.2015.12.009	None	Article	5	2016-03-01	Journal of Multivariate Analysis	None	[]	[]
Scopus	53137ed1b17d11eba15144af2806d069	mixing and concentration by ricci curvature	SCOPUS_ID:84958033767	10.1016/j.jfa.2015.12.010	None	Article	6	2016-03-01	Journal of Functional Analysis	None	[]	[]
Scopus	57cac93db17d11ebadb244af2806d069	bayesian factor analysis with uncertain functional constraints about factor loadings	SCOPUS_ID:84948995405	10.1016/j.jmva.2015.11.006	None	Article	0	2016-02-01	Journal of Multivariate Analysis	None	[]	[]
Scopus	59903ce5b17d11eb9c0b44af2806d069	gradient based mcmc samplers for dynamic causal modelling	SCOPUS_ID:84940870400	10.1016/j.neuroimage.2015.07.043	None	Article	22	2016-01-15	NeuroImage	None	[]	[]
Scopus	5a220701b17d11eba62844af2806d069	estimation for the exponentiated weibull model with adaptive type ii progressive censored schemes	SCOPUS_ID:84939839388	10.1016/j.apm.2015.06.022	None	Article	32	2016-01-15	Applied Mathematical Modelling	None	[]	[]
Scopus	5c9fb81eb17d11ebb71144af2806d069	bayesian analysis of multivariate stable distributions using one dimensional projections	SCOPUS_ID:84944810325	10.1016/j.jmva.2015.09.005	None	Article	2	2016-01-01	Journal of Multivariate Analysis	None	[]	[]
Scopus	5d670904b17d11eb8e7d44af2806d069	an option pricing model using high frequency data	SCOPUS_ID:84985020827	10.1016/j.procs.2016.07.035	None	Conference Paper	0	2016-01-01	Procedia Computer Science	None	[]	[]
Scopus	607db6eab17d11ebbae044af2806d069	bayesian regression analysis of data with random effects covariates from nonlinear longitudinal measurements	SCOPUS_ID:84943651243	10.1016/j.jmva.2015.08.020	None	Article	4	2016-01-01	Journal of Multivariate Analysis	None	[]	[]
Scopus	6181ba57b17d11eba84c44af2806d069	on expressiveness of the chain graph interpretations	SCOPUS_ID:84949623894	10.1016/j.ijar.2015.07.009	None	Article	1	2016-01-01	International Journal of Approximate Reasoning	None	[]	[]
Scopus	698b314cb17d11eb9b3944af2806d069	constructing optimal transition matrix for markov chain monte carlo	SCOPUS_ID:84941950319	10.1016/j.laa.2015.09.016	None	Article	4	2015-12-15	Linear Algebra and Its Applications	None	[]	[]
Scopus	72bf9cafb17d11ebb0e044af2806d069	bayesian system identification of dynamical systems using large sets of training dataa mcmc solution	SCOPUS_ID:84942424951	10.1016/j.probengmech.2015.09.010	None	Article	11	2015-10-01	Probabilistic Engineering Mechanics	None	[]	[]
Scopus	74f69729b17d11eba60a44af2806d069	a multi nuclide approach to constrain landscape evolution and past erosion rates in previously glaciated terrains	SCOPUS_ID:84941931729	10.1016/j.quageo.2015.08.004	None	Article	14	2015-10-01	Quaternary Geochronology	None	[]	[]
Scopus	7fc5d2efb17d11eb9cd944af2806d069	on exact posterior distributions using h functions	SCOPUS_ID:84933557488	10.1016/j.cam.2015.05.019	None	Article	3	2015-07-02	Journal of Computational and Applied Mathematics	None	[]	[]
Scopus	82be47b0b17d11eba1ae44af2806d069	dealing with boundary artifacts in mcmc based deconvolution	SCOPUS_ID:84939987095	10.1016/j.laa.2014.09.023	None	Article	4	2015-05-15	Linear Algebra and Its Applications	None	[]	[]
Scopus	84246a3bb17d11eb97be44af2806d069	gradient free mcmc methods for dynamic causal modelling	SCOPUS_ID:84937764183	10.1016/j.neuroimage.2015.03.008	None	Article	20	2015-05-05	NeuroImage	None	[]	[]
Scopus	87403f91b17d11ebbf5e44af2806d069	semi parametric modeling of excesses above high multivariate thresholds with censored data	SCOPUS_ID:84922345222	10.1016/j.jmva.2015.01.014	None	Article	1	2015-04-01	Journal of Multivariate Analysis	None	[]	[]
Scopus	88214097b17d11ebb47344af2806d069	evolution and genetic characterization of hepatitis a virus isolates in china	SCOPUS_ID:84923069130	10.1016/j.ijid.2015.01.022	None	Article	5	2015-04-01	International Journal of Infectious Diseases	None	[]	[]
Scopus	89b8a7feb17d11eba21444af2806d069	a bayesian method for analyzing combinations of continuousordinaland nominal categorical data with missing values	SCOPUS_ID:84919917389	10.1016/j.jmva.2014.11.007	None	Article	4	2015-03-01	Journal of Multivariate Analysis	None	[]	[]
Scopus	8d01cf22b17d11eba7f744af2806d069	using noise to speed up markov chain monte carlo estimation	SCOPUS_ID:84939176662	10.1016/j.procs.2015.07.285	None	Conference Paper	13	2015-01-01	Procedia Computer Science	None	[]	[]
Scopus	916e325bb17d11eba0d944af2806d069	on realizations of a joint degree matrix	SCOPUS_ID:84919429939	10.1016/j.dam.2014.10.012	None	Article	16	2015-01-01	Discrete Applied Mathematics	None	[]	[]
Scopus	94fb55bbb17d11eb922944af2806d069	a bound for the convergence rate of parallel tempering for sampling restricted boltzmann machines	SCOPUS_ID:84941599821	10.1016/j.tcs.2015.05.019	None	Article	9	2015-01-01	Theoretical Computer Science	None	[]	[]
Scopus	9719f74bb17d11eba96944af2806d069	statistical inversion of absolute permeability in single phase darcy flow	SCOPUS_ID:84939197540	10.1016/j.procs.2015.05.291	None	Conference Paper	1	2015-01-01	Procedia Computer Science	None	[]	[]
Scopus	9d6c3809b17d11ebb14044af2806d069	bayesian system identification of a nonlinear dynamica system using a novel variant of simulated annealing	SCOPUS_ID:84923001299	10.1016/j.ymssp.2014.07.010	None	Article	52	2015-01-01	Mechanical Systems and Signal Processing	None	[]	[]
Scopus	9e2cf2e8b17d11eb9ef344af2806d069	probabilistic inference of fatigue damage propagation with limited and partial information	SCOPUS_ID:84938595385	10.1016/j.cja.2015.06.017	None	Article	8	2015-01-01	Chinese Journal of Aeronautics	None	[]	[]
Scopus	9f12e80fb17d11ebaaf244af2806d069	towards monte carlo preconditioning approach and hybrid monte carlo algorithms for matrix computations	SCOPUS_ID:84947730825	10.1016/j.camwa.2015.08.035	None	Article	7	2015-01-01	Computers and Mathematics with Applications	None	[]	[]
Scopus	a1e1abafb17d11eb97e744af2806d069	reconstruction of material elemental composition using fast neutron resonance radiography	SCOPUS_ID:84974528129	10.1016/j.phpro.2015.07.043	None	Conference Paper	12	2015-01-01	Physics Procedia	None	[]	[]
Scopus	a37df761b17d11eb8c1844af2806d069	co infection of influenza a viruses of swine contributes to effective shuffling of gene segments in a naturally reared pig	SCOPUS_ID:84955504344	10.1016/j.virol.2015.06.002	None	Article	8	2015-01-01	Virology	None	[]	[]
Scopus	a549460db17d11eb999844af2806d069	comparing multi trait poisson and gaussian bayesian models for genetic evaluation of litter traits in pigs	SCOPUS_ID:84928924645	10.1016/j.livsci.2015.03.030	None	Article	9	2015-01-01	Livestock Science	None	[]	[]
Scopus	a73469cfb17d11eb94ae44af2806d069	thermal history modellinghefty vsqtqt	SCOPUS_ID:84910665610	10.1016/j.earscirev.2014.09.010	None	Review	61	2014-12-01	Earth-Science Reviews	None	[]	[]
Scopus	a9e2031db17d11ebadc944af2806d069	reducing the tension between the bicepand the planck measurementsa complete exploration of the parameter space	SCOPUS_ID:84907563279	10.1016/j.physletb.2014.09.053	None	Article	2	2014-11-10	Physics Letters, Section B: Nuclear, Elementary Particle and High-Energy Physics	None	[]	[]
Scopus	ae586e6cb17d11ebbf2044af2806d069	cosmological constraints on ghost dark energy in the brans dicke theory by using mcmc approach	SCOPUS_ID:84901660517	10.1016/j.physletb.2014.05.023	None	Article	12	2014-06-27	Physics Letters, Section B: Nuclear, Elementary Particle and High-Energy Physics	None	[]	[]
Scopus	afcb2248b17d11ebaf2744af2806d069	proposals which speed up function space mcmc	SCOPUS_ID:84893793344	10.1016/j.cam.2013.07.026	None	Article	22	2014-05-15	Journal of Computational and Applied Mathematics	None	[]	[]
Scopus	b29c3e70b17d11eb87f144af2806d069	a bayesian analysis of normalized var models	SCOPUS_ID:84888777120	10.1016/j.jmva.2013.11.004	None	Article	0	2014-02-01	Journal of Multivariate Analysis	None	[]	[]
Scopus	b44f59eeb17d11eb881144af2806d069	computation of ecg signal features using mcmc modelling in software and fpga reconfigurable hardware	SCOPUS_ID:84902830781	10.1016/j.procs.2014.05.228	None	Conference Paper	1	2014-01-01	Procedia Computer Science	None	[]	[]
Scopus	b5e2f6a8b17d11eb955844af2806d069	forecasting container throughputs with domain knowledge	SCOPUS_ID:84902293570	10.1016/j.procs.2014.05.312	None	Conference Paper	5	2014-01-01	Procedia Computer Science	None	[]	[]
Scopus	ba8530a8b17d11eb9fec44af2806d069	estimating demands with a markov chain monte carlo approach	SCOPUS_ID:84899668313	10.1016/j.proeng.2014.02.153	None	Conference Paper	0	2014-01-01	Procedia Engineering	None	[]	[]
Scopus	bdd9b86db17d11ebb05744af2806d069	uncertainty quantification of co<inf>2</infsaturation estimated from electrical resistance tomography data at the cranfield site	SCOPUS_ID:84901772232	10.1016/j.ijggc.2014.05.006	None	Article	24	2014-01-01	International Journal of Greenhouse Gas Control	None	[]	[]
Scopus	be5e5f95b17d11eba61744af2806d069	enhancing monte carlo preconditioning methods for matrix computations	SCOPUS_ID:84902824576	10.1016/j.procs.2014.05.143	None	Conference Paper	7	2014-01-01	Procedia Computer Science	None	[]	[]
Scopus	c655c6adb17d11eb92de44af2806d069	overview of bayesian sequential monte carlo methods for group and extended object tracking	SCOPUS_ID:84892364201	10.1016/j.dsp.2013.11.006	None	Review	129	2014-01-01	Digital Signal Processing: A Review Journal	None	[]	[]
Scopus	cf58c6ceb17d11eb9cc744af2806d069	mixture and non mixture cure fraction models based on the generalized modified weibull distribution with an application to gastric cancer data	SCOPUS_ID:84885426751	10.1016/j.cmpb.2013.07.021	None	Article	30	2013-12-01	Computer Methods and Programs in Biomedicine	None	[]	[]
Scopus	d02baa8cb17d11eba37644af2806d069	estimation of malaria incidence in northern namibia in 200using bayesian conditional autoregressive spatial temporal models	SCOPUS_ID:84884733132	10.1016/j.sste.2013.09.001	None	Article	42	2013-12-01	Spatial and Spatio-temporal Epidemiology	None	[]	[]
Scopus	d797716db17d11eb91a344af2806d069	population level differences in disease transmissiona bayesian analysis of multiple smallpox epidemics	SCOPUS_ID:84882250377	10.1016/j.epidem.2013.07.001	None	Article	11	2013-09-01	Epidemics	None	[]	[]
Scopus	df80619bb17d11eb853044af2806d069	analysis of mcmc algorithms for bayesian linear regression with laplace errors	SCOPUS_ID:84874507520	10.1016/j.jmva.2013.02.004	None	Article	13	2013-05-01	Journal of Multivariate Analysis	None	[]	[]
Scopus	e6db1b38b17d11ebbf2c44af2806d069	a unification of rde model and xcdm model	SCOPUS_ID:84872489937	10.1016/j.physletb.2012.12.005	None	Article	3	2013-01-29	Physics Letters, Section B: Nuclear, Elementary Particle and High-Energy Physics	None	[]	[]
Scopus	e786504eb17d11ebab0644af2806d069	advanced mcmc methods for sampling on diffusion pathspace	SCOPUS_ID:84872347974	10.1016/j.spa.2012.12.001	None	Article	10	2013-01-21	Stochastic Processes and their Applications	None	[]	[]
Scopus	e8a0eafbb17d11ebba0a44af2806d069	testing the interaction model with cosmological data and gamma ray bursts	SCOPUS_ID:84871619558	10.1016/j.physletb.2012.11.002	None	Article	12	2013-01-08	Physics Letters, Section B: Nuclear, Elementary Particle and High-Energy Physics	None	[]	[]
Scopus	e92006d1b17d11eb8e1c44af2806d069	markov chain monte carlo versus importance sampling in bayesian inference of the garch model	SCOPUS_ID:84896908318	10.1016/j.procs.2013.09.191	None	Conference Paper	5	2013-01-01	Procedia Computer Science	None	[]	[]
Scopus	e9c3510bb17d11ebb0c044af2806d069	cosmohammercosmological parameter estimation with the mcmc hammer	SCOPUS_ID:84882790901	10.1016/j.ascom.2013.06.003	None	Article	52	2013-01-01	Astronomy and Computing	None	[]	[]
Scopus	f07731c1b17d11eb9a5144af2806d069	bayesian analysis of zero inflated spatiotemporal hiv/tb child mortality data through the inla and spde approachesapplied to data observed between 199and 201in rural north east south africa	SCOPUS_ID:84883132668	10.1016/j.jag.2012.04.001	None	Article	29	2013-01-01	International Journal of Applied Earth Observation and Geoinformation	None	[]	[]
Scopus	f20506a7b17d11eb8f9d44af2806d069	mcmc can detect nonidentifiable models	SCOPUS_ID:84870513591	10.1016/j.bpj.2012.10.024	None	Article	34	2012-12-05	Biophysical Journal	None	[]	[]
Scopus	f64370e8b17d11eb8b7c44af2806d069	a criterion based model comparison statistic for structural equation models with heterogeneous data	SCOPUS_ID:84863449503	10.1016/j.jmva.2012.05.010	None	Article	5	2012-11-01	Journal of Multivariate Analysis	None	[]	[]
Scopus	f8fcfdadb17d11eb87bd44af2806d069	asymptotic normality of posterior distributions for generalized linear mixed models	SCOPUS_ID:84862181592	10.1016/j.jmva.2012.05.003	None	Article	5	2012-10-01	Journal of Multivariate Analysis	None	[]	[]
Scopus	fcd52d1cb17d11ebba9344af2806d069	distribution and molecular characterization of hepatitis c virus (hcvgenotypes in patients with chronic infection from pernambuco statebrazil	SCOPUS_ID:84867219491	10.1016/j.virusres.2012.06.023	None	Article	5	2012-10-01	Virus Research	None	[]	[]
Scopus	066ce3c3b17e11ebbe1044af2806d069	within farm transmission dynamics of foot and mouth disease as revealed by the 200epidemic in great britain	SCOPUS_ID:84865098601	10.1016/j.epidem.2012.07.002	None	Article	27	2012-08-01	Epidemics	None	[]	[]
Scopus	0711d0cdb17e11ebb6d744af2806d069	consequences of handling missing data for treatment response in osteoarthritisa simulation study	SCOPUS_ID:84863003176	10.1016/j.joca.2012.03.005	None	Article	12	2012-08-01	Osteoarthritis and Cartilage	None	[]	[]
Scopus	0ba09b40b17e11ebbc6844af2806d069	approximating the number of double cut and join scenarios	SCOPUS_ID:84861232834	10.1016/j.tcs.2012.03.006	None	Article	5	2012-06-29	Theoretical Computer Science	None	[]	[]
Scopus	0d033520b17e11eb8f4144af2806d069	transmission dynamics of hepatitis e virus in pigsestimation from field data and effect of vaccination	SCOPUS_ID:84858975702	10.1016/j.epidem.2012.02.002	None	Article	30	2012-06-01	Epidemics	None	[]	[]
Scopus	0e774eadb17e11eb86dd44af2806d069	a simple and efficient bayesian procedure for selecting dimensionality in multidimensional scaling	SCOPUS_ID:84856584610	10.1016/j.jmva.2012.01.012	None	Article	9	2012-05-01	Journal of Multivariate Analysis	None	[]	[]
Scopus	10794122b17e11ebadbc44af2806d069	observational constraints on unified dark matter including hubble parameter data	SCOPUS_ID:84862832357	10.1016/j.physletb.2012.02.079	None	Article	9	2012-03-29	Physics Letters, Section B: Nuclear, Elementary Particle and High-Energy Physics	None	[]	[]
Scopus	116f34bcb17e11eb952044af2806d069	scaling analysis of multiple try mcmc methods	SCOPUS_ID:84857535173	10.1016/j.spa.2011.11.004	None	Article	24	2012-03-01	Stochastic Processes and their Applications	None	[]	[]
Scopus	13ceb62bb17e11eba41c44af2806d069	evaluation of an average numerator relationship matrix model and a bayesian hierarchical model for growth traits in nellore cattle with uncertain paternity	SCOPUS_ID:84856214331	10.1016/j.livsci.2011.11.002	None	Article	6	2012-03-01	Livestock Science	None	[]	[]
Scopus	15f3b09db17e11ebb81044af2806d069	bayesian analysis of multivariate t linear mixed models using a combination of ibf and gibbs samplers	SCOPUS_ID:80155135587	10.1016/j.jmva.2011.10.006	None	Article	20	2012-02-01	Journal of Multivariate Analysis	None	[]	[]
Scopus	17f15e9db17e11eb8be944af2806d069	multiple markov chains monte carlo approach for flow forecasting in porous media	SCOPUS_ID:84896908929	10.1016/j.procs.2012.04.076	None	Conference Paper	5	2012-01-01	Procedia Computer Science	None	[]	[]
Scopus	1bea0c9cb17e11eba28944af2806d069	momcmcan efficient monte carlo method for multi objective sampling over real parameter space	SCOPUS_ID:84910138210	10.1016/j.camwa.2012.09.003	None	Article	14	2012-01-01	Computers and Mathematics with Applications	None	[]	[]
Scopus	1e6b9365b17e11eba8b244af2806d069	behavior extraction from examples using federate mcmc based particle filtering	SCOPUS_ID:84862936495	10.1016/j.proeng.2011.08.1086	None	Conference Paper	0	2011-12-01	Procedia Engineering	None	[]	[]
Scopus	208e6787b17e11eba52644af2806d069	markov chain mixing time on cycles	SCOPUS_ID:80052447535	10.1016/j.spa.2011.07.007	None	Article	7	2011-11-01	Stochastic Processes and their Applications	None	[]	[]
Scopus	23650603b17e11eb95dd44af2806d069	hybrid monte carlo on hilbert spaces	SCOPUS_ID:79961016022	10.1016/j.spa.2011.06.003	None	Article	50	2011-10-01	Stochastic Processes and their Applications	None	[]	[]
Scopus	2456ebabb17e11eb934844af2806d069	big cities influence on accident prediction modeling results for the whole country	SCOPUS_ID:80053014533	10.1016/j.sbspro.2011.08.083	None	Conference Paper	2	2011-09-26	Procedia - Social and Behavioral Sciences	None	[]	[]
Scopus	27e057e1b17e11eba74844af2806d069	cosmographysupernovae union2baryon acoustic oscillationobservational hubble data and gamma ray bursts	SCOPUS_ID:79960583170	10.1016/j.physletb.2011.06.091	None	Article	41	2011-08-11	Physics Letters, Section B: Nuclear, Elementary Particle and High-Energy Physics	None	[]	[]
Scopus	2af86dbdb17e11ebb9dc44af2806d069	model reduction techniques for characterization of fractured subsurfaces	SCOPUS_ID:79958291578	10.1016/j.procs.2011.04.099	None	Conference Paper	0	2011-06-15	Procedia Computer Science	None	[]	[]
Scopus	2b7f20f9b17e11eb826844af2806d069	a flat dirichlet process switching model for bayesian estimation of hybrid systems	SCOPUS_ID:79958271064	10.1016/j.procs.2011.04.150	None	Conference Paper	0	2011-06-15	Procedia Computer Science	None	[]	[]
Scopus	319beadbb17e11eb9fda44af2806d069	mcmc estimation of markov models for ion channels	SCOPUS_ID:79959753998	10.1016/j.bpj.2011.02.059	None	Article	35	2011-04-20	Biophysical Journal	None	[]	[]
Scopus	34617b35b17e11eba31444af2806d069	inverse analysis with integral transformed temperature fieldsidentification of thermophysical properties in heterogeneous media	SCOPUS_ID:78751642141	10.1016/j.ijheatmasstransfer.2010.11.042	None	Article	31	2011-03-01	International Journal of Heat and Mass Transfer	None	[]	[]
Scopus	3816e4b9b17e11eb8c5844af2806d069	rigorous confidence bounds for mcmc under a geometric drift condition	SCOPUS_ID:78649724375	10.1016/j.jco.2010.07.003	None	Article	14	2011-01-01	Journal of Complexity	None	[]	[]
Scopus	38b521c2b17e11eb9ad044af2806d069	data augmentation approach in bayesian modelling of presence only data	SCOPUS_ID:84857438459	10.1016/j.proenv.2011.07.008	None	Conference Paper	2	2011-01-01	Procedia Environmental Sciences	None	[]	[]
Scopus	3b43929bb17e11eba71944af2806d069	an autoregressive spatio temporal precipitation model	SCOPUS_ID:79953800378	10.1016/j.proenv.2011.02.002	None	Conference Paper	3	2011-01-01	Procedia Environmental Sciences	None	[]	[]
Scopus	450a47d0b17e11eb965944af2806d069	a stopping rule for symbolic dynamic filtering	SCOPUS_ID:77953688291	10.1016/j.aml.2010.04.048	None	Article	4	2010-09-01	Applied Mathematics Letters	None	[]	[]
Scopus	47386a99b17e11eb9ac844af2806d069	sparse bayesian hierarchical modeling of high dimensional clustering problems	SCOPUS_ID:77952009834	10.1016/j.jmva.2010.03.009	None	Article	5	2010-08-01	Journal of Multivariate Analysis	None	[]	[]
Scopus	4a2e9e01b17e11eb898544af2806d069	on monte carlo methods for bayesian multivariate regression models with heavy tailed errors	SCOPUS_ID:77249126849	10.1016/j.jmva.2009.12.015	None	Article	16	2010-05-01	Journal of Multivariate Analysis	None	[]	[]
Scopus	4bea0a56b17e11eb920d44af2806d069	on connectivity of fibers with positive marginals in multiple logistic regression	SCOPUS_ID:74449083444	10.1016/j.jmva.2009.12.014	None	Article	10	2010-04-01	Journal of Multivariate Analysis	None	[]	[]
Scopus	4dee572cb17e11ebbf2d44af2806d069	semiparametric bayesian measurement error modeling	SCOPUS_ID:72549113577	10.1016/j.jmva.2009.11.004	None	Article	3	2010-03-01	Journal of Multivariate Analysis	None	[]	[]
Scopus	567be01ab17e11ebb01144af2806d069	network meta analysis with competing risk outcomes	SCOPUS_ID:78650107453	10.1111/j.1524-4733.2010.00784.x	None	Article	41	2010-01-01	Value in Health	None	[]	[]
Scopus	601b6ff6b17e11eb92f244af2806d069	a bayesian inference approach to identify a robin coefficient in one dimensional parabolic problems	SCOPUS_ID:67949118784	10.1016/j.cam.2009.05.007	None	Article	15	2009-09-15	Journal of Computational and Applied Mathematics	None	[]	[]
Scopus	60b65493b17e11eba53744af2806d069	geographical variation in pharmacological prescription	SCOPUS_ID:68349110801	10.1016/j.mcm.2009.05.020	None	Article	1	2009-09-01	Mathematical and Computer Modelling	None	[]	[]
Scopus	6de05963b17e11eba8db44af2806d069	epidemiological inference for partially observed epidemicsthe example of the 200foot and mouth epidemic in great britain	SCOPUS_ID:63149132207	10.1016/j.epidem.2008.09.001	None	Article	44	2009-03-01	Epidemics	None	[]	[]
Scopus	7c9159b8b17e11eb8a3444af2806d069	multivariate dynamic model for ordinal outcomes	SCOPUS_ID:48549097695	10.1016/j.jmva.2008.01.011	None	Article	3	2008-09-01	Journal of Multivariate Analysis	None	[]	[]
Scopus	807b3af0b17e11eba16744af2806d069	the largest group of invariance for markov bases and toric ideals	SCOPUS_ID:40849114966	10.1016/j.jsc.2007.11.002	None	Article	15	2008-05-01	Journal of Symbolic Computation	None	[]	[]
Scopus	82a4bc20b17e11eb90b344af2806d069	comparison of reversible jump markov chain monte carlo learning approach with other methods for missing enzyme identification	SCOPUS_ID:40049107547	10.1016/j.jbi.2007.09.002	None	Article	5	2008-04-01	Journal of Biomedical Informatics	None	[]	[]
Scopus	85ecbd4ab17e11eb8b8844af2806d069	constraints on dark energy models including gamma ray bursts	SCOPUS_ID:36849045223	10.1016/j.physletb.2007.10.053	None	Article	34	2008-01-03	Physics Letters, Section B: Nuclear, Elementary Particle and High-Energy Physics	None	[]	[]
Scopus	8b076f69b17e11eb8d4044af2806d069	unsupervised clustering of over the counter healthcare products into product categories	SCOPUS_ID:36049001579	10.1016/j.jbi.2007.03.008	None	Article	14	2007-12-01	Journal of Biomedical Informatics	None	[]	[]
Scopus	8ff99046b17e11ebbdfe44af2806d069	approximate probability propagation with mixtures of truncated exponentials	SCOPUS_ID:34249951826	10.1016/j.ijar.2006.06.007	None	Article	40	2007-07-01	International Journal of Approximate Reasoning	None	[]	[]
Scopus	9238404ab17e11ebbf8544af2806d069	probing for dynamics of dark energy and curvature of universe with latest cosmological observations	SCOPUS_ID:34047167030	10.1016/j.physletb.2007.02.070	None	Article	85	2007-04-26	Physics Letters, Section B: Nuclear, Elementary Particle and High-Energy Physics	None	[]	[]
Scopus	93535371b17e11eb884b44af2806d069	bayesian reference analysis for gaussian markov random fields	SCOPUS_ID:33846925953	10.1016/j.jmva.2006.07.005	None	Article	22	2007-04-01	Journal of Multivariate Analysis	None	[]	[]
Scopus	93f5badab17e11ebbaf744af2806d069	hierarchical bayes variable selection and microarray experiments	SCOPUS_ID:33846935513	10.1016/j.jmva.2006.10.001	None	Article	3	2007-04-01	Journal of Multivariate Analysis	None	[]	[]
Scopus	98805aecb17e11ebaa3744af2806d069	bayesian mapping of quantitative trait loci for multiple complex traits with the use of variance components	SCOPUS_ID:34547751908	10.1086/519495	None	Article	39	2007-01-01	American Journal of Human Genetics	None	[]	[]
Scopus	a0b0bd9cb17e11eb949a44af2806d069	learning parameters of bayesian networks from incomplete data via importance sampling	SCOPUS_ID:33645980673	10.1016/j.ijar.2005.10.005	None	Article	30	2006-05-01	International Journal of Approximate Reasoning	None	[]	[]
Scopus	a1f70ae7b17e11ebb92d44af2806d069	fast perfect sampling from linear extensions	SCOPUS_ID:33644929512	10.1016/j.disc.2006.01.003	None	Article	27	2006-03-06	Discrete Mathematics	None	[]	[]
Scopus	a42a3457b17e11ebbfc944af2806d069	probing dark energy using its density instead of its equation of state	SCOPUS_ID:29344451636	10.1016/j.physletb.2005.10.083	None	Article	51	2006-01-19	Physics Letters, Section B: Nuclear, Elementary Particle and High-Energy Physics	None	[]	[]
Scopus	a640cbf3b17e11eb82e544af2806d069	multipoint linkage analysis with many multiallelic or dense diallelic markersmarkov chain monte carlo provides practical approaches for genome scans on general pedigrees	SCOPUS_ID:33751103455	10.1086/508472	None	Article	56	2006-01-01	American Journal of Human Genetics	None	[]	[]
Scopus	a72eee84b17e11eba17c44af2806d069	bayesian multivariate spatial models for roadway traffic crash mapping	SCOPUS_ID:28044460320	10.1016/j.jmva.2005.03.007	None	Article	108	2006-01-01	Journal of Multivariate Analysis	None	[]	[]
Scopus	ac2a42ccb17e11eb946b44af2806d069	models and estimation methods for clinical hiv data	SCOPUS_ID:23344442813	10.1016/j.cam.2004.08.017	None	Article	14	2005-12-01	Journal of Computational and Applied Mathematics	None	[]	[]
Scopus	baa5024eb17e11ebb30544af2806d069	on approximating weighted sums with exponentially many terms	SCOPUS_ID:3342921861	10.1016/j.jcss.2004.01.006	None	Article	4	2004-09-01	Journal of Computer and System Sciences	None	[]	[]
Scopus	bbde061bb17e11eb977144af2806d069	cancer classification and prediction using logistic regression with bayesian gene selection	SCOPUS_ID:4744364173	10.1016/j.jbi.2004.07.009	None	Article	94	2004-08-01	Journal of Biomedical Informatics	None	[]	[]
Scopus	c285117bb17e11eba78f44af2806d069	determining and analyzing differentially expressed genes from cdna microarray experiments with complementary designs	SCOPUS_ID:8844270991	10.1016/j.jmva.2004.02.007	None	Article	7	2004-01-01	Journal of Multivariate Analysis	None	[]	[]
Scopus	cb6faae6b17e11eb9fc444af2806d069	convergence rates and moments of markov chains associated with the mean of dirichlet processes	SCOPUS_ID:0036787555	10.1016/S0304-4149(02)00139-4	None	Article	5	2002-10-01	Stochastic Processes and their Applications	None	[]	[]
Scopus	cf47485cb17e11ebb7ac44af2806d069	bayesian inference for multivariate survival data with a cure fraction	SCOPUS_ID:0036173263	10.1006/jmva.2000.1975	None	Article	64	2002-01-01	Journal of Multivariate Analysis	None	[]	[]
Scopus	d0b3cc35b17e11eb95e344af2806d069	a stochastic approach to the flood control problem	SCOPUS_ID:0035336502	10.1016/S0307-904X(00)00064-0	None	Article	14	2001-05-01	Applied Mathematical Modelling	None	[]	[]
Scopus	d5106b2eb17e11ebbf9c44af2806d069	performance of markov chain monte carlo approaches for mapping genes in oligogenic models with an unknown number of loci	SCOPUS_ID:0033759771	10.1016/S0002-9297(07)62953-X	None	Article	29	2000-01-01	American Journal of Human Genetics	None	[]	[]
Scopus	d93f9025b17e11eb818a44af2806d069	simple conditions for the convergence of the gibbs sampler and metropolis hastings algorithms	SCOPUS_ID:43949153069	10.1016/0304-4149(94)90134-1	None	Article	176	1994-01-01	Stochastic Processes and their Applications	None	[]	[]
